ANIO;MES;CONCESION;ENTIDAD PRESTADORA;TIPO DE SERVICIO;TOTAL;TOTAL ACUMULADO;
2019;1;AUTOPISTA DEL SOL, TRAMO TRUJILLO-SULLANA;CONCESIONARIA VIAL DEL SOL S.A.;Número de Asistencias Mecánicas;377;377;
2019;1;AUTOPISTA DEL SOL, TRAMO TRUJILLO-SULLANA;CONCESIONARIA VIAL DEL SOL S.A.;Número de Asistencias Médicas;135;135;
2019;1;AUTOPISTA DEL SOL, TRAMO TRUJILLO-SULLANA;CONCESIONARIA VIAL DEL SOL S.A.;Número de Llamadas de Emergencia;497;497;
2019;1;CORREDOR VIAL INTEROCEÁNICO SUR PERÚ -BRASIL, TRAMO 1: MARCONA - URCOS;SURVIAL S.A.;Número de Asistencias Mecánicas;153;153;
2019;1;CORREDOR VIAL INTEROCEÁNICO SUR PERÚ -BRASIL, TRAMO 1: MARCONA - URCOS;SURVIAL S.A.;Número de Asistencias Médicas;0;0;
2019;1;CORREDOR VIAL INTEROCEÁNICO SUR PERÚ -BRASIL, TRAMO 1: MARCONA - URCOS;SURVIAL S.A.;Número de Llamadas de Emergencia;201;201;
2019;1;CORREDOR VIAL INTEROCEÁNICO SUR PERÚ -BRASIL, TRAMO 2 : URCOS-INAMBARI;CONCESIONARIA INTEROCEANICA SUR - TRAMO 2 S.A.;Número de Asistencias Mecánicas;45;45;
2019;1;CORREDOR VIAL INTEROCEÁNICO SUR PERÚ -BRASIL, TRAMO 2 : URCOS-INAMBARI;CONCESIONARIA INTEROCEANICA SUR - TRAMO 2 S.A.;Número de Asistencias Médicas;0;0;
2019;1;CORREDOR VIAL INTEROCEÁNICO SUR PERÚ -BRASIL, TRAMO 2 : URCOS-INAMBARI;CONCESIONARIA INTEROCEANICA SUR - TRAMO 2 S.A.;Número de Llamadas de Emergencia;86;86;
2019;1;CORREDOR VIAL INTEROCEÁNICO SUR PERÚ -BRASIL, TRAMO 3: INAMBARI-IÑAPARI;CONCESIONARIA INTEROCEANICA SUR - TRAMO 3 S.A.;Número de Asistencias Mecánicas;104;104;
2019;1;CORREDOR VIAL INTEROCEÁNICO SUR PERÚ -BRASIL, TRAMO 3: INAMBARI-IÑAPARI;CONCESIONARIA INTEROCEANICA SUR - TRAMO 3 S.A.;Número de Asistencias Médicas;0;0;
2019;1;CORREDOR VIAL INTEROCEÁNICO SUR PERÚ -BRASIL, TRAMO 3: INAMBARI-IÑAPARI;CONCESIONARIA INTEROCEANICA SUR - TRAMO 3 S.A.;Número de Llamadas de Emergencia;129;129;
2019;1;CORREDOR VIAL INTEROCEÁNICO SUR PERÚ -BRASIL, TRAMO 4: AZÁNGARO-INAMBARI;INTERSUR CONCESIONES S.A.;Número de Asistencias Mecánicas;58;58;
2019;1;CORREDOR VIAL INTEROCEÁNICO SUR PERÚ -BRASIL, TRAMO 4: AZÁNGARO-INAMBARI;INTERSUR CONCESIONES S.A.;Número de Asistencias Médicas;0;0;
2019;1;CORREDOR VIAL INTEROCEÁNICO SUR PERÚ -BRASIL, TRAMO 4: AZÁNGARO-INAMBARI;INTERSUR CONCESIONES S.A.;Número de Llamadas de Emergencia;174;174;
2019;1;CORREDOR VIAL INTEROCEÁNICO SUR PERÚ -BRASIL, TRAMO 5: ILO, MATARANI - AZANGARO;CONCESIONARIA VIAL DEL SUR S.A.;Número de Asistencias Mecánicas;218;218;
2019;1;CORREDOR VIAL INTEROCEÁNICO SUR PERÚ -BRASIL, TRAMO 5: ILO, MATARANI - AZANGARO;CONCESIONARIA VIAL DEL SUR S.A.;Número de Asistencias Médicas;0;0;
2019;1;CORREDOR VIAL INTEROCEÁNICO SUR PERÚ -BRASIL, TRAMO 5: ILO, MATARANI - AZANGARO;CONCESIONARIA VIAL DEL SUR S.A.;Número de Llamadas de Emergencia;234;234;
2019;1;EJE MULTIMODAL DEL AMAZONAS NORTE: TRAMO YURIMAGUAS - TARAPOTO - RIOJA - CORRAL QUEMADO - OLMOS - PIURA - PAITA;CONCESIONARIA IIRSA NORTE S.A.;Número de Asistencias Mecánicas;299;299;
2019;1;EJE MULTIMODAL DEL AMAZONAS NORTE: TRAMO YURIMAGUAS - TARAPOTO - RIOJA - CORRAL QUEMADO - OLMOS - PIURA - PAITA;CONCESIONARIA IIRSA NORTE S.A.;Número de Asistencias Médicas;0;0;
2019;1;EJE MULTIMODAL DEL AMAZONAS NORTE: TRAMO YURIMAGUAS - TARAPOTO - RIOJA - CORRAL QUEMADO - OLMOS - PIURA - PAITA;CONCESIONARIA IIRSA NORTE S.A.;Número de Llamadas de Emergencia;577;577;
2019;1;EMPALME 1B - BUENOS AIRES - CANCHAQUE;CONCESIÓN CANCHAQUE S.A.C;Número de Asistencias Mecánicas;13;13;
2019;1;EMPALME 1B - BUENOS AIRES - CANCHAQUE;CONCESIÓN CANCHAQUE S.A.C;Número de Asistencias Médicas;0;0;
2019;1;EMPALME 1B - BUENOS AIRES - CANCHAQUE;CONCESIÓN CANCHAQUE S.A.C;Número de Llamadas de Emergencia;13;13;
2019;1;IIRSA CENTRO,TRAMO 2: PUENTE RICARDO PALMA - LA OROYA - HUANCAYO - DV CERRO DE PASCO;DESARROLLO VIAL DE LOS ANDES S.A.C.;Número de Asistencias Mecánicas;557;557;
2019;1;IIRSA CENTRO,TRAMO 2: PUENTE RICARDO PALMA - LA OROYA - HUANCAYO - DV CERRO DE PASCO;DESARROLLO VIAL DE LOS ANDES S.A.C.;Número de Asistencias Médicas;48;48;
2019;1;IIRSA CENTRO,TRAMO 2: PUENTE RICARDO PALMA - LA OROYA - HUANCAYO - DV CERRO DE PASCO;DESARROLLO VIAL DE LOS ANDES S.A.C.;Número de Llamadas de Emergencia;582;582;
2019;1;LONGITUDINAL DE LA SIERRA TRAMO 2: CIUDAD DE DIOS-CAJAMARCA-CHIPLE, CAJAMARCA-TRUJILLO Y DV. CHILETE-EMP. PE-3N1;CONCESIONARIA VIAL SIERRA NORTE S.A.;Número de Asistencias Mecánicas;35;35;
2019;1;LONGITUDINAL DE LA SIERRA TRAMO 2: CIUDAD DE DIOS-CAJAMARCA-CHIPLE, CAJAMARCA-TRUJILLO Y DV. CHILETE-EMP. PE-3N1;CONCESIONARIA VIAL SIERRA NORTE S.A.;Número de Asistencias Médicas;3;3;
2019;1;LONGITUDINAL DE LA SIERRA TRAMO 2: CIUDAD DE DIOS-CAJAMARCA-CHIPLE, CAJAMARCA-TRUJILLO Y DV. CHILETE-EMP. PE-3N1;CONCESIONARIA VIAL SIERRA NORTE S.A.;Número de Llamadas de Emergencia;0;0;
2019;1;RED VIAL N° 4: TRAMOS VIALES PATIVILCA - SANTA - TRUJILLO Y PUERTO SALAVERRY - EMPALME R01N;AUTOPISTA DEL NORTE S.A.C.;Número de Asistencias Mecánicas;294;294;
2019;1;RED VIAL N° 4: TRAMOS VIALES PATIVILCA - SANTA - TRUJILLO Y PUERTO SALAVERRY - EMPALME R01N;AUTOPISTA DEL NORTE S.A.C.;Número de Asistencias Médicas;52;52;
2019;1;RED VIAL N° 4: TRAMOS VIALES PATIVILCA - SANTA - TRUJILLO Y PUERTO SALAVERRY - EMPALME R01N;AUTOPISTA DEL NORTE S.A.C.;Número de Llamadas de Emergencia;353;353;
2019;1;RED VIAL Nº 5: TRAMO ANCÓN-HUACHO-PATIVILCA;NORVIAL S.A.;Número de Asistencias Mecánicas;1,053;1,053;
2019;1;RED VIAL Nº 5: TRAMO ANCÓN-HUACHO-PATIVILCA;NORVIAL S.A.;Número de Asistencias Médicas;125;125;
2019;1;RED VIAL Nº 5: TRAMO ANCÓN-HUACHO-PATIVILCA;NORVIAL S.A.;Número de Llamadas de Emergencia;1,278;1,278;
2019;1;RED VIAL 6: TRAMO VIAL PUENTE PUCUSANA - CERRO AZUL - ICA;CONCESIONARIA VIAL DEL PERÚ S.A.;Número de Asistencias Mecánicas;724;724;
2019;1;RED VIAL 6: TRAMO VIAL PUENTE PUCUSANA - CERRO AZUL - ICA;CONCESIONARIA VIAL DEL PERÚ S.A.;Número de Asistencias Médicas;84;84;
2019;1;RED VIAL 6: TRAMO VIAL PUENTE PUCUSANA - CERRO AZUL - ICA;CONCESIONARIA VIAL DEL PERÚ S.A.;Número de Llamadas de Emergencia;724;724;
2019;1;TRAMO VIAL - OVALO CHANCAY - HUARAL - ACOS;CONSORCIO CONCESIÓN CHANCAY - ACOS S.A.;Número de Asistencias Mecánicas;23;23;
2019;1;TRAMO VIAL - OVALO CHANCAY - HUARAL - ACOS;CONSORCIO CONCESIÓN CHANCAY - ACOS S.A.;Número de Asistencias Médicas;0;0;
2019;1;TRAMO VIAL - OVALO CHANCAY - HUARAL - ACOS;CONSORCIO CONCESIÓN CHANCAY - ACOS S.A.;Número de Llamadas de Emergencia;24;24;
2019;1;TRAMO VIAL DESVÍO QUILCA - DESVÍO AREQUIPA (REPARTICIÓN) - DESVÍO MATARANI - DESVÍO MOQUEGUA - DESVÍO ILO - TACNA - LA CONCORDIA;CONCESIONARIA PERUANA DE VÍAS - COVINCA S.A.;Número de Asistencias Mecánicas;0;0;
2019;1;TRAMO VIAL DESVÍO QUILCA - DESVÍO AREQUIPA (REPARTICIÓN) - DESVÍO MATARANI - DESVÍO MOQUEGUA - DESVÍO ILO - TACNA - LA CONCORDIA;CONCESIONARIA PERUANA DE VÍAS - COVINCA S.A.;Número de Asistencias Médicas;0;0;
2019;1;TRAMO VIAL DESVÍO QUILCA - DESVÍO AREQUIPA (REPARTICIÓN) - DESVÍO MATARANI - DESVÍO MOQUEGUA - DESVÍO ILO - TACNA - LA CONCORDIA;CONCESIONARIA PERUANA DE VÍAS - COVINCA S.A.;Número de Llamadas de Emergencia;0;0;
2019;2;AUTOPISTA DEL SOL, TRAMO TRUJILLO-SULLANA;CONCESIONARIA VIAL DEL SOL S.A.;Número de Asistencias Mecánicas;332;709;
2019;2;AUTOPISTA DEL SOL, TRAMO TRUJILLO-SULLANA;CONCESIONARIA VIAL DEL SOL S.A.;Número de Asistencias Médicas;137;272;
2019;2;AUTOPISTA DEL SOL, TRAMO TRUJILLO-SULLANA;CONCESIONARIA VIAL DEL SOL S.A.;Número de Llamadas de Emergencia;463;960;
2019;2;CORREDOR VIAL INTEROCEÁNICO SUR PERÚ -BRASIL, TRAMO 1: MARCONA - URCOS;SURVIAL S.A.;Número de Asistencias Mecánicas;118;271;
2019;2;CORREDOR VIAL INTEROCEÁNICO SUR PERÚ -BRASIL, TRAMO 1: MARCONA - URCOS;SURVIAL S.A.;Número de Asistencias Médicas;0;0;
2019;2;CORREDOR VIAL INTEROCEÁNICO SUR PERÚ -BRASIL, TRAMO 1: MARCONA - URCOS;SURVIAL S.A.;Número de Llamadas de Emergencia;177;378;
2019;2;CORREDOR VIAL INTEROCEÁNICO SUR PERÚ -BRASIL, TRAMO 2 : URCOS-INAMBARI;CONCESIONARIA INTEROCEANICA SUR - TRAMO 2 S.A.;Número de Asistencias Mecánicas;32;77;
2019;2;CORREDOR VIAL INTEROCEÁNICO SUR PERÚ -BRASIL, TRAMO 2 : URCOS-INAMBARI;CONCESIONARIA INTEROCEANICA SUR - TRAMO 2 S.A.;Número de Asistencias Médicas;0;0;
2019;2;CORREDOR VIAL INTEROCEÁNICO SUR PERÚ -BRASIL, TRAMO 2 : URCOS-INAMBARI;CONCESIONARIA INTEROCEANICA SUR - TRAMO 2 S.A.;Número de Llamadas de Emergencia;87;173;
2019;2;CORREDOR VIAL INTEROCEÁNICO SUR PERÚ -BRASIL, TRAMO 3: INAMBARI-IÑAPARI;CONCESIONARIA INTEROCEANICA SUR - TRAMO 3 S.A.;Número de Asistencias Mecánicas;89;193;
2019;2;CORREDOR VIAL INTEROCEÁNICO SUR PERÚ -BRASIL, TRAMO 3: INAMBARI-IÑAPARI;CONCESIONARIA INTEROCEANICA SUR - TRAMO 3 S.A.;Número de Asistencias Médicas;0;0;
2019;2;CORREDOR VIAL INTEROCEÁNICO SUR PERÚ -BRASIL, TRAMO 3: INAMBARI-IÑAPARI;CONCESIONARIA INTEROCEANICA SUR - TRAMO 3 S.A.;Número de Llamadas de Emergencia;112;241;
2019;2;CORREDOR VIAL INTEROCEÁNICO SUR PERÚ -BRASIL, TRAMO 4: AZÁNGARO-INAMBARI;INTERSUR CONCESIONES S.A.;Número de Asistencias Mecánicas;58;116;
2019;2;CORREDOR VIAL INTEROCEÁNICO SUR PERÚ -BRASIL, TRAMO 4: AZÁNGARO-INAMBARI;INTERSUR CONCESIONES S.A.;Número de Asistencias Médicas;0;0;
2019;2;CORREDOR VIAL INTEROCEÁNICO SUR PERÚ -BRASIL, TRAMO 4: AZÁNGARO-INAMBARI;INTERSUR CONCESIONES S.A.;Número de Llamadas de Emergencia;198;372;
2019;2;CORREDOR VIAL INTEROCEÁNICO SUR PERÚ -BRASIL, TRAMO 5: ILO, MATARANI - AZANGARO;CONCESIONARIA VIAL DEL SUR S.A.;Número de Asistencias Mecánicas;201;419;
2019;2;CORREDOR VIAL INTEROCEÁNICO SUR PERÚ -BRASIL, TRAMO 5: ILO, MATARANI - AZANGARO;CONCESIONARIA VIAL DEL SUR S.A.;Número de Asistencias Médicas;0;0;
2019;2;CORREDOR VIAL INTEROCEÁNICO SUR PERÚ -BRASIL, TRAMO 5: ILO, MATARANI - AZANGARO;CONCESIONARIA VIAL DEL SUR S.A.;Número de Llamadas de Emergencia;203;437;
2019;2;EJE MULTIMODAL DEL AMAZONAS NORTE: TRAMO YURIMAGUAS - TARAPOTO - RIOJA - CORRAL QUEMADO - OLMOS - PIURA - PAITA;CONCESIONARIA IIRSA NORTE S.A.;Número de Asistencias Mecánicas;241;540;
2019;2;EJE MULTIMODAL DEL AMAZONAS NORTE: TRAMO YURIMAGUAS - TARAPOTO - RIOJA - CORRAL QUEMADO - OLMOS - PIURA - PAITA;CONCESIONARIA IIRSA NORTE S.A.;Número de Asistencias Médicas;0;0;
2019;2;EJE MULTIMODAL DEL AMAZONAS NORTE: TRAMO YURIMAGUAS - TARAPOTO - RIOJA - CORRAL QUEMADO - OLMOS - PIURA - PAITA;CONCESIONARIA IIRSA NORTE S.A.;Número de Llamadas de Emergencia;579;1,156;
2019;2;EMPALME 1B - BUENOS AIRES - CANCHAQUE;CONCESIÓN CANCHAQUE S.A.C;Número de Asistencias Mecánicas;12;25;
2019;2;EMPALME 1B - BUENOS AIRES - CANCHAQUE;CONCESIÓN CANCHAQUE S.A.C;Número de Asistencias Médicas;0;0;
2019;2;EMPALME 1B - BUENOS AIRES - CANCHAQUE;CONCESIÓN CANCHAQUE S.A.C;Número de Llamadas de Emergencia;20;33;
2019;2;IIRSA CENTRO,TRAMO 2: PUENTE RICARDO PALMA - LA OROYA - HUANCAYO - DV CERRO DE PASCO;DESARROLLO VIAL DE LOS ANDES S.A.C.;Número de Asistencias Mecánicas;508;1,065;
2019;2;IIRSA CENTRO,TRAMO 2: PUENTE RICARDO PALMA - LA OROYA - HUANCAYO - DV CERRO DE PASCO;DESARROLLO VIAL DE LOS ANDES S.A.C.;Número de Asistencias Médicas;41;89;
2019;2;IIRSA CENTRO,TRAMO 2: PUENTE RICARDO PALMA - LA OROYA - HUANCAYO - DV CERRO DE PASCO;DESARROLLO VIAL DE LOS ANDES S.A.C.;Número de Llamadas de Emergencia;539;1,121;
2019;2;LONGITUDINAL DE LA SIERRA TRAMO 2: CIUDAD DE DIOS-CAJAMARCA-CHIPLE, CAJAMARCA-TRUJILLO Y DV. CHILETE-EMP. PE-3N1;CONCESIONARIA VIAL SIERRA NORTE S.A.;Número de Asistencias Mecánicas;42;77;
2019;2;LONGITUDINAL DE LA SIERRA TRAMO 2: CIUDAD DE DIOS-CAJAMARCA-CHIPLE, CAJAMARCA-TRUJILLO Y DV. CHILETE-EMP. PE-3N1;CONCESIONARIA VIAL SIERRA NORTE S.A.;Número de Asistencias Médicas;4;7;
2019;2;LONGITUDINAL DE LA SIERRA TRAMO 2: CIUDAD DE DIOS-CAJAMARCA-CHIPLE, CAJAMARCA-TRUJILLO Y DV. CHILETE-EMP. PE-3N1;CONCESIONARIA VIAL SIERRA NORTE S.A.;Número de Llamadas de Emergencia;0;0;
2019;2;RED VIAL N° 4: TRAMOS VIALES PATIVILCA - SANTA - TRUJILLO Y PUERTO SALAVERRY - EMPALME R01N;AUTOPISTA DEL NORTE S.A.C.;Número de Asistencias Mecánicas;257;551;
2019;2;RED VIAL N° 4: TRAMOS VIALES PATIVILCA - SANTA - TRUJILLO Y PUERTO SALAVERRY - EMPALME R01N;AUTOPISTA DEL NORTE S.A.C.;Número de Asistencias Médicas;30;82;
2019;2;RED VIAL N° 4: TRAMOS VIALES PATIVILCA - SANTA - TRUJILLO Y PUERTO SALAVERRY - EMPALME R01N;AUTOPISTA DEL NORTE S.A.C.;Número de Llamadas de Emergencia;308;661;
2019;2;RED VIAL Nº 5: TRAMO ANCÓN-HUACHO-PATIVILCA;NORVIAL S.A.;Número de Asistencias Mecánicas;985;2,038;
2019;2;RED VIAL Nº 5: TRAMO ANCÓN-HUACHO-PATIVILCA;NORVIAL S.A.;Número de Asistencias Médicas;91;216;
2019;2;RED VIAL Nº 5: TRAMO ANCÓN-HUACHO-PATIVILCA;NORVIAL S.A.;Número de Llamadas de Emergencia;1,150;2,428;
2019;2;RED VIAL 6: TRAMO VIAL PUENTE PUCUSANA - CERRO AZUL - ICA;CONCESIONARIA VIAL DEL PERÚ S.A.;Número de Asistencias Mecánicas;638;1,362;
2019;2;RED VIAL 6: TRAMO VIAL PUENTE PUCUSANA - CERRO AZUL - ICA;CONCESIONARIA VIAL DEL PERÚ S.A.;Número de Asistencias Médicas;74;158;
2019;2;RED VIAL 6: TRAMO VIAL PUENTE PUCUSANA - CERRO AZUL - ICA;CONCESIONARIA VIAL DEL PERÚ S.A.;Número de Llamadas de Emergencia;638;1,362;
2019;2;TRAMO VIAL - OVALO CHANCAY - HUARAL - ACOS;CONSORCIO CONCESIÓN CHANCAY - ACOS S.A.;Número de Asistencias Mecánicas;22;45;
2019;2;TRAMO VIAL - OVALO CHANCAY - HUARAL - ACOS;CONSORCIO CONCESIÓN CHANCAY - ACOS S.A.;Número de Asistencias Médicas;2;2;
2019;2;TRAMO VIAL - OVALO CHANCAY - HUARAL - ACOS;CONSORCIO CONCESIÓN CHANCAY - ACOS S.A.;Número de Llamadas de Emergencia;24;48;
2019;2;TRAMO VIAL DESVÍO QUILCA - DESVÍO AREQUIPA (REPARTICIÓN) - DESVÍO MATARANI - DESVÍO MOQUEGUA - DESVÍO ILO - TACNA - LA CONCORDIA;CONCESIONARIA PERUANA DE VÍAS - COVINCA S.A.;Número de Asistencias Mecánicas;0;0;
2019;2;TRAMO VIAL DESVÍO QUILCA - DESVÍO AREQUIPA (REPARTICIÓN) - DESVÍO MATARANI - DESVÍO MOQUEGUA - DESVÍO ILO - TACNA - LA CONCORDIA;CONCESIONARIA PERUANA DE VÍAS - COVINCA S.A.;Número de Asistencias Médicas;0;0;
2019;2;TRAMO VIAL DESVÍO QUILCA - DESVÍO AREQUIPA (REPARTICIÓN) - DESVÍO MATARANI - DESVÍO MOQUEGUA - DESVÍO ILO - TACNA - LA CONCORDIA;CONCESIONARIA PERUANA DE VÍAS - COVINCA S.A.;Número de Llamadas de Emergencia;0;0;
2019;3;AUTOPISTA DEL SOL, TRAMO TRUJILLO-SULLANA;CONCESIONARIA VIAL DEL SOL S.A.;Número de Asistencias Mecánicas;348;1,057;
2019;3;AUTOPISTA DEL SOL, TRAMO TRUJILLO-SULLANA;CONCESIONARIA VIAL DEL SOL S.A.;Número de Asistencias Médicas;134;406;
2019;3;AUTOPISTA DEL SOL, TRAMO TRUJILLO-SULLANA;CONCESIONARIA VIAL DEL SOL S.A.;Número de Llamadas de Emergencia;477;1,437;
2019;3;CORREDOR VIAL INTEROCEÁNICO SUR PERÚ -BRASIL, TRAMO 1: MARCONA - URCOS;SURVIAL S.A.;Número de Asistencias Mecánicas;120;391;
2019;3;CORREDOR VIAL INTEROCEÁNICO SUR PERÚ -BRASIL, TRAMO 1: MARCONA - URCOS;SURVIAL S.A.;Número de Asistencias Médicas;0;0;
2019;3;CORREDOR VIAL INTEROCEÁNICO SUR PERÚ -BRASIL, TRAMO 1: MARCONA - URCOS;SURVIAL S.A.;Número de Llamadas de Emergencia;176;554;
2019;3;CORREDOR VIAL INTEROCEÁNICO SUR PERÚ -BRASIL, TRAMO 2 : URCOS-INAMBARI;CONCESIONARIA INTEROCEANICA SUR - TRAMO 2 S.A.;Número de Asistencias Mecánicas;26;103;
2019;3;CORREDOR VIAL INTEROCEÁNICO SUR PERÚ -BRASIL, TRAMO 2 : URCOS-INAMBARI;CONCESIONARIA INTEROCEANICA SUR - TRAMO 2 S.A.;Número de Asistencias Médicas;0;0;
2019;3;CORREDOR VIAL INTEROCEÁNICO SUR PERÚ -BRASIL, TRAMO 2 : URCOS-INAMBARI;CONCESIONARIA INTEROCEANICA SUR - TRAMO 2 S.A.;Número de Llamadas de Emergencia;72;245;
2019;3;CORREDOR VIAL INTEROCEÁNICO SUR PERÚ -BRASIL, TRAMO 3: INAMBARI-IÑAPARI;CONCESIONARIA INTEROCEANICA SUR - TRAMO 3 S.A.;Número de Asistencias Mecánicas;70;263;
2019;3;CORREDOR VIAL INTEROCEÁNICO SUR PERÚ -BRASIL, TRAMO 3: INAMBARI-IÑAPARI;CONCESIONARIA INTEROCEANICA SUR - TRAMO 3 S.A.;Número de Asistencias Médicas;0;0;
2019;3;CORREDOR VIAL INTEROCEÁNICO SUR PERÚ -BRASIL, TRAMO 3: INAMBARI-IÑAPARI;CONCESIONARIA INTEROCEANICA SUR - TRAMO 3 S.A.;Número de Llamadas de Emergencia;128;369;
2019;3;CORREDOR VIAL INTEROCEÁNICO SUR PERÚ -BRASIL, TRAMO 4: AZÁNGARO-INAMBARI;INTERSUR CONCESIONES S.A.;Número de Asistencias Mecánicas;52;168;
2019;3;CORREDOR VIAL INTEROCEÁNICO SUR PERÚ -BRASIL, TRAMO 4: AZÁNGARO-INAMBARI;INTERSUR CONCESIONES S.A.;Número de Asistencias Médicas;0;0;
2019;3;CORREDOR VIAL INTEROCEÁNICO SUR PERÚ -BRASIL, TRAMO 4: AZÁNGARO-INAMBARI;INTERSUR CONCESIONES S.A.;Número de Llamadas de Emergencia;453;825;
2019;3;CORREDOR VIAL INTEROCEÁNICO SUR PERÚ -BRASIL, TRAMO 5: ILO, MATARANI - AZANGARO;CONCESIONARIA VIAL DEL SUR S.A.;Número de Asistencias Mecánicas;211;630;
2019;3;CORREDOR VIAL INTEROCEÁNICO SUR PERÚ -BRASIL, TRAMO 5: ILO, MATARANI - AZANGARO;CONCESIONARIA VIAL DEL SUR S.A.;Número de Asistencias Médicas;0;0;
2019;3;CORREDOR VIAL INTEROCEÁNICO SUR PERÚ -BRASIL, TRAMO 5: ILO, MATARANI - AZANGARO;CONCESIONARIA VIAL DEL SUR S.A.;Número de Llamadas de Emergencia;227;664;
2019;3;EJE MULTIMODAL DEL AMAZONAS NORTE: TRAMO YURIMAGUAS - TARAPOTO - RIOJA - CORRAL QUEMADO - OLMOS - PIURA - PAITA;CONCESIONARIA IIRSA NORTE S.A.;Número de Asistencias Mecánicas;238;778;
2019;3;EJE MULTIMODAL DEL AMAZONAS NORTE: TRAMO YURIMAGUAS - TARAPOTO - RIOJA - CORRAL QUEMADO - OLMOS - PIURA - PAITA;CONCESIONARIA IIRSA NORTE S.A.;Número de Asistencias Médicas;0;0;
2019;3;EJE MULTIMODAL DEL AMAZONAS NORTE: TRAMO YURIMAGUAS - TARAPOTO - RIOJA - CORRAL QUEMADO - OLMOS - PIURA - PAITA;CONCESIONARIA IIRSA NORTE S.A.;Número de Llamadas de Emergencia;464;1,620;
2019;3;EMPALME 1B - BUENOS AIRES - CANCHAQUE;CONCESIÓN CANCHAQUE S.A.C;Número de Asistencias Mecánicas;18;43;
2019;3;EMPALME 1B - BUENOS AIRES - CANCHAQUE;CONCESIÓN CANCHAQUE S.A.C;Número de Asistencias Médicas;0;0;
2019;3;EMPALME 1B - BUENOS AIRES - CANCHAQUE;CONCESIÓN CANCHAQUE S.A.C;Número de Llamadas de Emergencia;23;56;
2019;3;IIRSA CENTRO,TRAMO 2: PUENTE RICARDO PALMA - LA OROYA - HUANCAYO - DV CERRO DE PASCO;DESARROLLO VIAL DE LOS ANDES S.A.C.;Número de Asistencias Mecánicas;562;1,627;
2019;3;IIRSA CENTRO,TRAMO 2: PUENTE RICARDO PALMA - LA OROYA - HUANCAYO - DV CERRO DE PASCO;DESARROLLO VIAL DE LOS ANDES S.A.C.;Número de Asistencias Médicas;50;139;
2019;3;IIRSA CENTRO,TRAMO 2: PUENTE RICARDO PALMA - LA OROYA - HUANCAYO - DV CERRO DE PASCO;DESARROLLO VIAL DE LOS ANDES S.A.C.;Número de Llamadas de Emergencia;587;1,708;
2019;3;LONGITUDINAL DE LA SIERRA TRAMO 2: CIUDAD DE DIOS-CAJAMARCA-CHIPLE, CAJAMARCA-TRUJILLO Y DV. CHILETE-EMP. PE-3N1;CONCESIONARIA VIAL SIERRA NORTE S.A.;Número de Asistencias Mecánicas;50;127;
2019;3;LONGITUDINAL DE LA SIERRA TRAMO 2: CIUDAD DE DIOS-CAJAMARCA-CHIPLE, CAJAMARCA-TRUJILLO Y DV. CHILETE-EMP. PE-3N1;CONCESIONARIA VIAL SIERRA NORTE S.A.;Número de Asistencias Médicas;5;12;
2019;3;LONGITUDINAL DE LA SIERRA TRAMO 2: CIUDAD DE DIOS-CAJAMARCA-CHIPLE, CAJAMARCA-TRUJILLO Y DV. CHILETE-EMP. PE-3N1;CONCESIONARIA VIAL SIERRA NORTE S.A.;Número de Llamadas de Emergencia;0;0;
2019;3;RED VIAL N° 4: TRAMOS VIALES PATIVILCA - SANTA - TRUJILLO Y PUERTO SALAVERRY - EMPALME R01N;AUTOPISTA DEL NORTE S.A.C.;Número de Asistencias Mecánicas;246;797;
2019;3;RED VIAL N° 4: TRAMOS VIALES PATIVILCA - SANTA - TRUJILLO Y PUERTO SALAVERRY - EMPALME R01N;AUTOPISTA DEL NORTE S.A.C.;Número de Asistencias Médicas;36;118;
2019;3;RED VIAL N° 4: TRAMOS VIALES PATIVILCA - SANTA - TRUJILLO Y PUERTO SALAVERRY - EMPALME R01N;AUTOPISTA DEL NORTE S.A.C.;Número de Llamadas de Emergencia;293;954;
2019;3;RED VIAL Nº 5: TRAMO ANCÓN-HUACHO-PATIVILCA;NORVIAL S.A.;Número de Asistencias Mecánicas;927;2,965;
2019;3;RED VIAL Nº 5: TRAMO ANCÓN-HUACHO-PATIVILCA;NORVIAL S.A.;Número de Asistencias Médicas;105;321;
2019;3;RED VIAL Nº 5: TRAMO ANCÓN-HUACHO-PATIVILCA;NORVIAL S.A.;Número de Llamadas de Emergencia;1,109;3,537;
2019;3;RED VIAL 6: TRAMO VIAL PUENTE PUCUSANA - CERRO AZUL - ICA;CONCESIONARIA VIAL DEL PERÚ S.A.;Número de Asistencias Mecánicas;562;1,924;
2019;3;RED VIAL 6: TRAMO VIAL PUENTE PUCUSANA - CERRO AZUL - ICA;CONCESIONARIA VIAL DEL PERÚ S.A.;Número de Asistencias Médicas;89;247;
2019;3;RED VIAL 6: TRAMO VIAL PUENTE PUCUSANA - CERRO AZUL - ICA;CONCESIONARIA VIAL DEL PERÚ S.A.;Número de Llamadas de Emergencia;562;1,924;
2019;3;TRAMO VIAL - OVALO CHANCAY - HUARAL - ACOS;CONSORCIO CONCESIÓN CHANCAY - ACOS S.A.;Número de Asistencias Mecánicas;18;63;
2019;3;TRAMO VIAL - OVALO CHANCAY - HUARAL - ACOS;CONSORCIO CONCESIÓN CHANCAY - ACOS S.A.;Número de Asistencias Médicas;1;3;
2019;3;TRAMO VIAL - OVALO CHANCAY - HUARAL - ACOS;CONSORCIO CONCESIÓN CHANCAY - ACOS S.A.;Número de Llamadas de Emergencia;18;66;
2019;3;TRAMO VIAL DESVÍO QUILCA - DESVÍO AREQUIPA (REPARTICIÓN) - DESVÍO MATARANI - DESVÍO MOQUEGUA - DESVÍO ILO - TACNA - LA CONCORDIA;CONCESIONARIA PERUANA DE VÍAS - COVINCA S.A.;Número de Asistencias Mecánicas;0;0;
2019;3;TRAMO VIAL DESVÍO QUILCA - DESVÍO AREQUIPA (REPARTICIÓN) - DESVÍO MATARANI - DESVÍO MOQUEGUA - DESVÍO ILO - TACNA - LA CONCORDIA;CONCESIONARIA PERUANA DE VÍAS - COVINCA S.A.;Número de Asistencias Médicas;0;0;
2019;3;TRAMO VIAL DESVÍO QUILCA - DESVÍO AREQUIPA (REPARTICIÓN) - DESVÍO MATARANI - DESVÍO MOQUEGUA - DESVÍO ILO - TACNA - LA CONCORDIA;CONCESIONARIA PERUANA DE VÍAS - COVINCA S.A.;Número de Llamadas de Emergencia;0;0;
2019;4;AUTOPISTA DEL SOL, TRAMO TRUJILLO-SULLANA;CONCESIONARIA VIAL DEL SOL S.A.;Número de Asistencias Mecánicas;326;1,383;
2019;4;AUTOPISTA DEL SOL, TRAMO TRUJILLO-SULLANA;CONCESIONARIA VIAL DEL SOL S.A.;Número de Asistencias Médicas;142;548;
2019;4;AUTOPISTA DEL SOL, TRAMO TRUJILLO-SULLANA;CONCESIONARIA VIAL DEL SOL S.A.;Número de Llamadas de Emergencia;462;1,899;
2019;4;CORREDOR VIAL INTEROCEÁNICO SUR PERÚ -BRASIL, TRAMO 1: MARCONA - URCOS;SURVIAL S.A.;Número de Asistencias Mecánicas;112;503;
2019;4;CORREDOR VIAL INTEROCEÁNICO SUR PERÚ -BRASIL, TRAMO 1: MARCONA - URCOS;SURVIAL S.A.;Número de Asistencias Médicas;0;0;
2019;4;CORREDOR VIAL INTEROCEÁNICO SUR PERÚ -BRASIL, TRAMO 1: MARCONA - URCOS;SURVIAL S.A.;Número de Llamadas de Emergencia;153;707;
2019;4;CORREDOR VIAL INTEROCEÁNICO SUR PERÚ -BRASIL, TRAMO 2 : URCOS-INAMBARI;CONCESIONARIA INTEROCEANICA SUR - TRAMO 2 S.A.;Número de Asistencias Mecánicas;38;141;
2019;4;CORREDOR VIAL INTEROCEÁNICO SUR PERÚ -BRASIL, TRAMO 2 : URCOS-INAMBARI;CONCESIONARIA INTEROCEANICA SUR - TRAMO 2 S.A.;Número de Asistencias Médicas;0;0;
2019;4;CORREDOR VIAL INTEROCEÁNICO SUR PERÚ -BRASIL, TRAMO 2 : URCOS-INAMBARI;CONCESIONARIA INTEROCEANICA SUR - TRAMO 2 S.A.;Número de Llamadas de Emergencia;77;322;
2019;4;CORREDOR VIAL INTEROCEÁNICO SUR PERÚ -BRASIL, TRAMO 3: INAMBARI-IÑAPARI;CONCESIONARIA INTEROCEANICA SUR - TRAMO 3 S.A.;Número de Asistencias Mecánicas;81;344;
2019;4;CORREDOR VIAL INTEROCEÁNICO SUR PERÚ -BRASIL, TRAMO 3: INAMBARI-IÑAPARI;CONCESIONARIA INTEROCEANICA SUR - TRAMO 3 S.A.;Número de Asistencias Médicas;0;0;
2019;4;CORREDOR VIAL INTEROCEÁNICO SUR PERÚ -BRASIL, TRAMO 3: INAMBARI-IÑAPARI;CONCESIONARIA INTEROCEANICA SUR - TRAMO 3 S.A.;Número de Llamadas de Emergencia;93;462;
2019;4;CORREDOR VIAL INTEROCEÁNICO SUR PERÚ -BRASIL, TRAMO 4: AZÁNGARO-INAMBARI;INTERSUR CONCESIONES S.A.;Número de Asistencias Mecánicas;56;224;
2019;4;CORREDOR VIAL INTEROCEÁNICO SUR PERÚ -BRASIL, TRAMO 4: AZÁNGARO-INAMBARI;INTERSUR CONCESIONES S.A.;Número de Asistencias Médicas;0;0;
2019;4;CORREDOR VIAL INTEROCEÁNICO SUR PERÚ -BRASIL, TRAMO 4: AZÁNGARO-INAMBARI;INTERSUR CONCESIONES S.A.;Número de Llamadas de Emergencia;266;1,091;
2019;4;CORREDOR VIAL INTEROCEÁNICO SUR PERÚ -BRASIL, TRAMO 5: ILO, MATARANI - AZANGARO;CONCESIONARIA VIAL DEL SUR S.A.;Número de Asistencias Mecánicas;190;820;
2019;4;CORREDOR VIAL INTEROCEÁNICO SUR PERÚ -BRASIL, TRAMO 5: ILO, MATARANI - AZANGARO;CONCESIONARIA VIAL DEL SUR S.A.;Número de Asistencias Médicas;0;0;
2019;4;CORREDOR VIAL INTEROCEÁNICO SUR PERÚ -BRASIL, TRAMO 5: ILO, MATARANI - AZANGARO;CONCESIONARIA VIAL DEL SUR S.A.;Número de Llamadas de Emergencia;193;857;
2019;4;EJE MULTIMODAL DEL AMAZONAS NORTE: TRAMO YURIMAGUAS - TARAPOTO - RIOJA - CORRAL QUEMADO - OLMOS - PIURA - PAITA;CONCESIONARIA IIRSA NORTE S.A.;Número de Asistencias Mecánicas;224;1,002;
2019;4;EJE MULTIMODAL DEL AMAZONAS NORTE: TRAMO YURIMAGUAS - TARAPOTO - RIOJA - CORRAL QUEMADO - OLMOS - PIURA - PAITA;CONCESIONARIA IIRSA NORTE S.A.;Número de Asistencias Médicas;0;0;
2019;4;EJE MULTIMODAL DEL AMAZONAS NORTE: TRAMO YURIMAGUAS - TARAPOTO - RIOJA - CORRAL QUEMADO - OLMOS - PIURA - PAITA;CONCESIONARIA IIRSA NORTE S.A.;Número de Llamadas de Emergencia;458;2,078;
2019;4;EMPALME 1B - BUENOS AIRES - CANCHAQUE;CONCESIÓN CANCHAQUE S.A.C;Número de Asistencias Mecánicas;9;52;
2019;4;EMPALME 1B - BUENOS AIRES - CANCHAQUE;CONCESIÓN CANCHAQUE S.A.C;Número de Asistencias Médicas;0;0;
2019;4;EMPALME 1B - BUENOS AIRES - CANCHAQUE;CONCESIÓN CANCHAQUE S.A.C;Número de Llamadas de Emergencia;14;70;
2019;4;IIRSA CENTRO,TRAMO 2: PUENTE RICARDO PALMA - LA OROYA - HUANCAYO - DV CERRO DE PASCO;DESARROLLO VIAL DE LOS ANDES S.A.C.;Número de Asistencias Mecánicas;616;2,243;
2019;4;IIRSA CENTRO,TRAMO 2: PUENTE RICARDO PALMA - LA OROYA - HUANCAYO - DV CERRO DE PASCO;DESARROLLO VIAL DE LOS ANDES S.A.C.;Número de Asistencias Médicas;50;189;
2019;4;IIRSA CENTRO,TRAMO 2: PUENTE RICARDO PALMA - LA OROYA - HUANCAYO - DV CERRO DE PASCO;DESARROLLO VIAL DE LOS ANDES S.A.C.;Número de Llamadas de Emergencia;635;2,343;
2019;4;LONGITUDINAL DE LA SIERRA TRAMO 2: CIUDAD DE DIOS-CAJAMARCA-CHIPLE, CAJAMARCA-TRUJILLO Y DV. CHILETE-EMP. PE-3N1;CONCESIONARIA VIAL SIERRA NORTE S.A.;Número de Asistencias Mecánicas;56;183;
2019;4;LONGITUDINAL DE LA SIERRA TRAMO 2: CIUDAD DE DIOS-CAJAMARCA-CHIPLE, CAJAMARCA-TRUJILLO Y DV. CHILETE-EMP. PE-3N1;CONCESIONARIA VIAL SIERRA NORTE S.A.;Número de Asistencias Médicas;11;23;
2019;4;LONGITUDINAL DE LA SIERRA TRAMO 2: CIUDAD DE DIOS-CAJAMARCA-CHIPLE, CAJAMARCA-TRUJILLO Y DV. CHILETE-EMP. PE-3N1;CONCESIONARIA VIAL SIERRA NORTE S.A.;Número de Llamadas de Emergencia;0;0;
2019;4;RED VIAL N° 4: TRAMOS VIALES PATIVILCA - SANTA - TRUJILLO Y PUERTO SALAVERRY - EMPALME R01N;AUTOPISTA DEL NORTE S.A.C.;Número de Asistencias Mecánicas;225;1,022;
2019;4;RED VIAL N° 4: TRAMOS VIALES PATIVILCA - SANTA - TRUJILLO Y PUERTO SALAVERRY - EMPALME R01N;AUTOPISTA DEL NORTE S.A.C.;Número de Asistencias Médicas;22;140;
2019;4;RED VIAL N° 4: TRAMOS VIALES PATIVILCA - SANTA - TRUJILLO Y PUERTO SALAVERRY - EMPALME R01N;AUTOPISTA DEL NORTE S.A.C.;Número de Llamadas de Emergencia;256;1,210;
2019;4;RED VIAL Nº 5: TRAMO ANCÓN-HUACHO-PATIVILCA;NORVIAL S.A.;Número de Asistencias Mecánicas;862;3,827;
2019;4;RED VIAL Nº 5: TRAMO ANCÓN-HUACHO-PATIVILCA;NORVIAL S.A.;Número de Asistencias Médicas;110;431;
2019;4;RED VIAL Nº 5: TRAMO ANCÓN-HUACHO-PATIVILCA;NORVIAL S.A.;Número de Llamadas de Emergencia;1,087;4,624;
2019;4;RED VIAL 6: TRAMO VIAL PUENTE PUCUSANA - CERRO AZUL - ICA;CONCESIONARIA VIAL DEL PERÚ S.A.;Número de Asistencias Mecánicas;598;2,522;
2019;4;RED VIAL 6: TRAMO VIAL PUENTE PUCUSANA - CERRO AZUL - ICA;CONCESIONARIA VIAL DEL PERÚ S.A.;Número de Asistencias Médicas;48;295;
2019;4;RED VIAL 6: TRAMO VIAL PUENTE PUCUSANA - CERRO AZUL - ICA;CONCESIONARIA VIAL DEL PERÚ S.A.;Número de Llamadas de Emergencia;598;2,522;
2019;4;TRAMO VIAL - OVALO CHANCAY - HUARAL - ACOS;CONSORCIO CONCESIÓN CHANCAY - ACOS S.A.;Número de Asistencias Mecánicas;20;83;
2019;4;TRAMO VIAL - OVALO CHANCAY - HUARAL - ACOS;CONSORCIO CONCESIÓN CHANCAY - ACOS S.A.;Número de Asistencias Médicas;0;3;
2019;4;TRAMO VIAL - OVALO CHANCAY - HUARAL - ACOS;CONSORCIO CONCESIÓN CHANCAY - ACOS S.A.;Número de Llamadas de Emergencia;20;86;
2019;4;TRAMO VIAL DESVÍO QUILCA - DESVÍO AREQUIPA (REPARTICIÓN) - DESVÍO MATARANI - DESVÍO MOQUEGUA - DESVÍO ILO - TACNA - LA CONCORDIA;CONCESIONARIA PERUANA DE VÍAS - COVINCA S.A.;Número de Asistencias Mecánicas;0;0;
2019;4;TRAMO VIAL DESVÍO QUILCA - DESVÍO AREQUIPA (REPARTICIÓN) - DESVÍO MATARANI - DESVÍO MOQUEGUA - DESVÍO ILO - TACNA - LA CONCORDIA;CONCESIONARIA PERUANA DE VÍAS - COVINCA S.A.;Número de Asistencias Médicas;0;0;
2019;4;TRAMO VIAL DESVÍO QUILCA - DESVÍO AREQUIPA (REPARTICIÓN) - DESVÍO MATARANI - DESVÍO MOQUEGUA - DESVÍO ILO - TACNA - LA CONCORDIA;CONCESIONARIA PERUANA DE VÍAS - COVINCA S.A.;Número de Llamadas de Emergencia;0;0;
2019;5;AUTOPISTA DEL SOL, TRAMO TRUJILLO-SULLANA;CONCESIONARIA VIAL DEL SOL S.A.;Número de Asistencias Mecánicas;344;1,727;
2019;5;AUTOPISTA DEL SOL, TRAMO TRUJILLO-SULLANA;CONCESIONARIA VIAL DEL SOL S.A.;Número de Asistencias Médicas;170;718;
2019;5;AUTOPISTA DEL SOL, TRAMO TRUJILLO-SULLANA;CONCESIONARIA VIAL DEL SOL S.A.;Número de Llamadas de Emergencia;505;2,404;
2019;5;CORREDOR VIAL INTEROCEÁNICO SUR PERÚ -BRASIL, TRAMO 1: MARCONA - URCOS;SURVIAL S.A.;Número de Asistencias Mecánicas;123;626;
2019;5;CORREDOR VIAL INTEROCEÁNICO SUR PERÚ -BRASIL, TRAMO 1: MARCONA - URCOS;SURVIAL S.A.;Número de Asistencias Médicas;0;0;
2019;5;CORREDOR VIAL INTEROCEÁNICO SUR PERÚ -BRASIL, TRAMO 1: MARCONA - URCOS;SURVIAL S.A.;Número de Llamadas de Emergencia;162;869;
2019;5;CORREDOR VIAL INTEROCEÁNICO SUR PERÚ -BRASIL, TRAMO 2 : URCOS-INAMBARI;CONCESIONARIA INTEROCEANICA SUR - TRAMO 2 S.A.;Número de Asistencias Mecánicas;30;171;
2019;5;CORREDOR VIAL INTEROCEÁNICO SUR PERÚ -BRASIL, TRAMO 2 : URCOS-INAMBARI;CONCESIONARIA INTEROCEANICA SUR - TRAMO 2 S.A.;Número de Asistencias Médicas;0;0;
2019;5;CORREDOR VIAL INTEROCEÁNICO SUR PERÚ -BRASIL, TRAMO 2 : URCOS-INAMBARI;CONCESIONARIA INTEROCEANICA SUR - TRAMO 2 S.A.;Número de Llamadas de Emergencia;43;365;
2019;5;CORREDOR VIAL INTEROCEÁNICO SUR PERÚ -BRASIL, TRAMO 3: INAMBARI-IÑAPARI;CONCESIONARIA INTEROCEANICA SUR - TRAMO 3 S.A.;Número de Asistencias Mecánicas;78;422;
2019;5;CORREDOR VIAL INTEROCEÁNICO SUR PERÚ -BRASIL, TRAMO 3: INAMBARI-IÑAPARI;CONCESIONARIA INTEROCEANICA SUR - TRAMO 3 S.A.;Número de Asistencias Médicas;0;0;
2019;5;CORREDOR VIAL INTEROCEÁNICO SUR PERÚ -BRASIL, TRAMO 3: INAMBARI-IÑAPARI;CONCESIONARIA INTEROCEANICA SUR - TRAMO 3 S.A.;Número de Llamadas de Emergencia;93;555;
2019;5;CORREDOR VIAL INTEROCEÁNICO SUR PERÚ -BRASIL, TRAMO 4: AZÁNGARO-INAMBARI;INTERSUR CONCESIONES S.A.;Número de Asistencias Mecánicas;59;283;
2019;5;CORREDOR VIAL INTEROCEÁNICO SUR PERÚ -BRASIL, TRAMO 4: AZÁNGARO-INAMBARI;INTERSUR CONCESIONES S.A.;Número de Asistencias Médicas;0;0;
2019;5;CORREDOR VIAL INTEROCEÁNICO SUR PERÚ -BRASIL, TRAMO 4: AZÁNGARO-INAMBARI;INTERSUR CONCESIONES S.A.;Número de Llamadas de Emergencia;103;1,194;
2019;5;CORREDOR VIAL INTEROCEÁNICO SUR PERÚ -BRASIL, TRAMO 5: ILO, MATARANI - AZANGARO;CONCESIONARIA VIAL DEL SUR S.A.;Número de Asistencias Mecánicas;182;1,002;
2019;5;CORREDOR VIAL INTEROCEÁNICO SUR PERÚ -BRASIL, TRAMO 5: ILO, MATARANI - AZANGARO;CONCESIONARIA VIAL DEL SUR S.A.;Número de Asistencias Médicas;0;0;
2019;5;CORREDOR VIAL INTEROCEÁNICO SUR PERÚ -BRASIL, TRAMO 5: ILO, MATARANI - AZANGARO;CONCESIONARIA VIAL DEL SUR S.A.;Número de Llamadas de Emergencia;185;1,042;
2019;5;EJE MULTIMODAL DEL AMAZONAS NORTE: TRAMO YURIMAGUAS - TARAPOTO - RIOJA - CORRAL QUEMADO - OLMOS - PIURA - PAITA;CONCESIONARIA IIRSA NORTE S.A.;Número de Asistencias Mecánicas;234;1,236;
2019;5;EJE MULTIMODAL DEL AMAZONAS NORTE: TRAMO YURIMAGUAS - TARAPOTO - RIOJA - CORRAL QUEMADO - OLMOS - PIURA - PAITA;CONCESIONARIA IIRSA NORTE S.A.;Número de Asistencias Médicas;0;0;
2019;5;EJE MULTIMODAL DEL AMAZONAS NORTE: TRAMO YURIMAGUAS - TARAPOTO - RIOJA - CORRAL QUEMADO - OLMOS - PIURA - PAITA;CONCESIONARIA IIRSA NORTE S.A.;Número de Llamadas de Emergencia;475;2,553;
2019;5;EMPALME 1B - BUENOS AIRES - CANCHAQUE;CONCESIÓN CANCHAQUE S.A.C;Número de Asistencias Mecánicas;21;73;
2019;5;EMPALME 1B - BUENOS AIRES - CANCHAQUE;CONCESIÓN CANCHAQUE S.A.C;Número de Asistencias Médicas;0;0;
2019;5;EMPALME 1B - BUENOS AIRES - CANCHAQUE;CONCESIÓN CANCHAQUE S.A.C;Número de Llamadas de Emergencia;21;91;
2019;5;IIRSA CENTRO,TRAMO 2: PUENTE RICARDO PALMA - LA OROYA - HUANCAYO - DV CERRO DE PASCO;DESARROLLO VIAL DE LOS ANDES S.A.C.;Número de Asistencias Mecánicas;526;2,769;
2019;5;IIRSA CENTRO,TRAMO 2: PUENTE RICARDO PALMA - LA OROYA - HUANCAYO - DV CERRO DE PASCO;DESARROLLO VIAL DE LOS ANDES S.A.C.;Número de Asistencias Médicas;54;243;
2019;5;IIRSA CENTRO,TRAMO 2: PUENTE RICARDO PALMA - LA OROYA - HUANCAYO - DV CERRO DE PASCO;DESARROLLO VIAL DE LOS ANDES S.A.C.;Número de Llamadas de Emergencia;547;2,890;
2019;5;LONGITUDINAL DE LA SIERRA TRAMO 2: CIUDAD DE DIOS-CAJAMARCA-CHIPLE, CAJAMARCA-TRUJILLO Y DV. CHILETE-EMP. PE-3N1;CONCESIONARIA VIAL SIERRA NORTE S.A.;Número de Asistencias Mecánicas;65;248;
2019;5;LONGITUDINAL DE LA SIERRA TRAMO 2: CIUDAD DE DIOS-CAJAMARCA-CHIPLE, CAJAMARCA-TRUJILLO Y DV. CHILETE-EMP. PE-3N1;CONCESIONARIA VIAL SIERRA NORTE S.A.;Número de Asistencias Médicas;10;33;
2019;5;LONGITUDINAL DE LA SIERRA TRAMO 2: CIUDAD DE DIOS-CAJAMARCA-CHIPLE, CAJAMARCA-TRUJILLO Y DV. CHILETE-EMP. PE-3N1;CONCESIONARIA VIAL SIERRA NORTE S.A.;Número de Llamadas de Emergencia;0;0;
2019;5;RED VIAL N° 4: TRAMOS VIALES PATIVILCA - SANTA - TRUJILLO Y PUERTO SALAVERRY - EMPALME R01N;AUTOPISTA DEL NORTE S.A.C.;Número de Asistencias Mecánicas;219;1,241;
2019;5;RED VIAL N° 4: TRAMOS VIALES PATIVILCA - SANTA - TRUJILLO Y PUERTO SALAVERRY - EMPALME R01N;AUTOPISTA DEL NORTE S.A.C.;Número de Asistencias Médicas;17;157;
2019;5;RED VIAL N° 4: TRAMOS VIALES PATIVILCA - SANTA - TRUJILLO Y PUERTO SALAVERRY - EMPALME R01N;AUTOPISTA DEL NORTE S.A.C.;Número de Llamadas de Emergencia;255;1,465;
2019;5;RED VIAL Nº 5: TRAMO ANCÓN-HUACHO-PATIVILCA;NORVIAL S.A.;Número de Asistencias Mecánicas;743;4,570;
2019;5;RED VIAL Nº 5: TRAMO ANCÓN-HUACHO-PATIVILCA;NORVIAL S.A.;Número de Asistencias Médicas;131;562;
2019;5;RED VIAL Nº 5: TRAMO ANCÓN-HUACHO-PATIVILCA;NORVIAL S.A.;Número de Llamadas de Emergencia;954;5,578;
2019;5;RED VIAL 6: TRAMO VIAL PUENTE PUCUSANA - CERRO AZUL - ICA;CONCESIONARIA VIAL DEL PERÚ S.A.;Número de Asistencias Mecánicas;484;3,006;
2019;5;RED VIAL 6: TRAMO VIAL PUENTE PUCUSANA - CERRO AZUL - ICA;CONCESIONARIA VIAL DEL PERÚ S.A.;Número de Asistencias Médicas;44;339;
2019;5;RED VIAL 6: TRAMO VIAL PUENTE PUCUSANA - CERRO AZUL - ICA;CONCESIONARIA VIAL DEL PERÚ S.A.;Número de Llamadas de Emergencia;484;3,006;
2019;5;TRAMO VIAL - OVALO CHANCAY - HUARAL - ACOS;CONSORCIO CONCESIÓN CHANCAY - ACOS S.A.;Número de Asistencias Mecánicas;24;107;
2019;5;TRAMO VIAL - OVALO CHANCAY - HUARAL - ACOS;CONSORCIO CONCESIÓN CHANCAY - ACOS S.A.;Número de Asistencias Médicas;0;3;
2019;5;TRAMO VIAL - OVALO CHANCAY - HUARAL - ACOS;CONSORCIO CONCESIÓN CHANCAY - ACOS S.A.;Número de Llamadas de Emergencia;24;110;
2019;5;TRAMO VIAL DESVÍO QUILCA - DESVÍO AREQUIPA (REPARTICIÓN) - DESVÍO MATARANI - DESVÍO MOQUEGUA - DESVÍO ILO - TACNA - LA CONCORDIA;CONCESIONARIA PERUANA DE VÍAS - COVINCA S.A.;Número de Asistencias Mecánicas;0;0;
2019;5;TRAMO VIAL DESVÍO QUILCA - DESVÍO AREQUIPA (REPARTICIÓN) - DESVÍO MATARANI - DESVÍO MOQUEGUA - DESVÍO ILO - TACNA - LA CONCORDIA;CONCESIONARIA PERUANA DE VÍAS - COVINCA S.A.;Número de Asistencias Médicas;0;0;
2019;5;TRAMO VIAL DESVÍO QUILCA - DESVÍO AREQUIPA (REPARTICIÓN) - DESVÍO MATARANI - DESVÍO MOQUEGUA - DESVÍO ILO - TACNA - LA CONCORDIA;CONCESIONARIA PERUANA DE VÍAS - COVINCA S.A.;Número de Llamadas de Emergencia;0;0;
2019;6;AUTOPISTA DEL SOL, TRAMO TRUJILLO-SULLANA;CONCESIONARIA VIAL DEL SOL S.A.;Número de Asistencias Mecánicas;291;2,018;
2019;6;AUTOPISTA DEL SOL, TRAMO TRUJILLO-SULLANA;CONCESIONARIA VIAL DEL SOL S.A.;Número de Asistencias Médicas;91;809;
2019;6;AUTOPISTA DEL SOL, TRAMO TRUJILLO-SULLANA;CONCESIONARIA VIAL DEL SOL S.A.;Número de Llamadas de Emergencia;370;2,774;
2019;6;CORREDOR VIAL INTEROCEÁNICO SUR PERÚ -BRASIL, TRAMO 1: MARCONA - URCOS;SURVIAL S.A.;Número de Asistencias Mecánicas;94;720;
2019;6;CORREDOR VIAL INTEROCEÁNICO SUR PERÚ -BRASIL, TRAMO 1: MARCONA - URCOS;SURVIAL S.A.;Número de Asistencias Médicas;0;0;
2019;6;CORREDOR VIAL INTEROCEÁNICO SUR PERÚ -BRASIL, TRAMO 1: MARCONA - URCOS;SURVIAL S.A.;Número de Llamadas de Emergencia;133;1,002;
2019;6;CORREDOR VIAL INTEROCEÁNICO SUR PERÚ -BRASIL, TRAMO 2 : URCOS-INAMBARI;CONCESIONARIA INTEROCEANICA SUR - TRAMO 2 S.A.;Número de Asistencias Mecánicas;37;208;
2019;6;CORREDOR VIAL INTEROCEÁNICO SUR PERÚ -BRASIL, TRAMO 2 : URCOS-INAMBARI;CONCESIONARIA INTEROCEANICA SUR - TRAMO 2 S.A.;Número de Asistencias Médicas;0;0;
2019;6;CORREDOR VIAL INTEROCEÁNICO SUR PERÚ -BRASIL, TRAMO 2 : URCOS-INAMBARI;CONCESIONARIA INTEROCEANICA SUR - TRAMO 2 S.A.;Número de Llamadas de Emergencia;61;426;
2019;6;CORREDOR VIAL INTEROCEÁNICO SUR PERÚ -BRASIL, TRAMO 3: INAMBARI-IÑAPARI;CONCESIONARIA INTEROCEANICA SUR - TRAMO 3 S.A.;Número de Asistencias Mecánicas;68;490;
2019;6;CORREDOR VIAL INTEROCEÁNICO SUR PERÚ -BRASIL, TRAMO 3: INAMBARI-IÑAPARI;CONCESIONARIA INTEROCEANICA SUR - TRAMO 3 S.A.;Número de Asistencias Médicas;0;0;
2019;6;CORREDOR VIAL INTEROCEÁNICO SUR PERÚ -BRASIL, TRAMO 3: INAMBARI-IÑAPARI;CONCESIONARIA INTEROCEANICA SUR - TRAMO 3 S.A.;Número de Llamadas de Emergencia;91;646;
2019;6;CORREDOR VIAL INTEROCEÁNICO SUR PERÚ -BRASIL, TRAMO 4: AZÁNGARO-INAMBARI;INTERSUR CONCESIONES S.A.;Número de Asistencias Mecánicas;56;339;
2019;6;CORREDOR VIAL INTEROCEÁNICO SUR PERÚ -BRASIL, TRAMO 4: AZÁNGARO-INAMBARI;INTERSUR CONCESIONES S.A.;Número de Asistencias Médicas;0;0;
2019;6;CORREDOR VIAL INTEROCEÁNICO SUR PERÚ -BRASIL, TRAMO 4: AZÁNGARO-INAMBARI;INTERSUR CONCESIONES S.A.;Número de Llamadas de Emergencia;119;1,313;
2019;6;CORREDOR VIAL INTEROCEÁNICO SUR PERÚ -BRASIL, TRAMO 5: ILO, MATARANI - AZANGARO;CONCESIONARIA VIAL DEL SUR S.A.;Número de Asistencias Mecánicas;162;1,164;
2019;6;CORREDOR VIAL INTEROCEÁNICO SUR PERÚ -BRASIL, TRAMO 5: ILO, MATARANI - AZANGARO;CONCESIONARIA VIAL DEL SUR S.A.;Número de Asistencias Médicas;0;0;
2019;6;CORREDOR VIAL INTEROCEÁNICO SUR PERÚ -BRASIL, TRAMO 5: ILO, MATARANI - AZANGARO;CONCESIONARIA VIAL DEL SUR S.A.;Número de Llamadas de Emergencia;167;1,209;
2019;6;EJE MULTIMODAL DEL AMAZONAS NORTE: TRAMO YURIMAGUAS - TARAPOTO - RIOJA - CORRAL QUEMADO - OLMOS - PIURA - PAITA;CONCESIONARIA IIRSA NORTE S.A.;Número de Asistencias Mecánicas;251;1,487;
2019;6;EJE MULTIMODAL DEL AMAZONAS NORTE: TRAMO YURIMAGUAS - TARAPOTO - RIOJA - CORRAL QUEMADO - OLMOS - PIURA - PAITA;CONCESIONARIA IIRSA NORTE S.A.;Número de Asistencias Médicas;0;0;
2019;6;EJE MULTIMODAL DEL AMAZONAS NORTE: TRAMO YURIMAGUAS - TARAPOTO - RIOJA - CORRAL QUEMADO - OLMOS - PIURA - PAITA;CONCESIONARIA IIRSA NORTE S.A.;Número de Llamadas de Emergencia;317;2,870;
2019;6;EMPALME 1B - BUENOS AIRES - CANCHAQUE;CONCESIÓN CANCHAQUE S.A.C;Número de Asistencias Mecánicas;19;92;
2019;6;EMPALME 1B - BUENOS AIRES - CANCHAQUE;CONCESIÓN CANCHAQUE S.A.C;Número de Asistencias Médicas;0;0;
2019;6;EMPALME 1B - BUENOS AIRES - CANCHAQUE;CONCESIÓN CANCHAQUE S.A.C;Número de Llamadas de Emergencia;22;113;
2019;6;IIRSA CENTRO,TRAMO 2: PUENTE RICARDO PALMA - LA OROYA - HUANCAYO - DV CERRO DE PASCO;DESARROLLO VIAL DE LOS ANDES S.A.C.;Número de Asistencias Mecánicas;564;3,333;
2019;6;IIRSA CENTRO,TRAMO 2: PUENTE RICARDO PALMA - LA OROYA - HUANCAYO - DV CERRO DE PASCO;DESARROLLO VIAL DE LOS ANDES S.A.C.;Número de Asistencias Médicas;49;292;
2019;6;IIRSA CENTRO,TRAMO 2: PUENTE RICARDO PALMA - LA OROYA - HUANCAYO - DV CERRO DE PASCO;DESARROLLO VIAL DE LOS ANDES S.A.C.;Número de Llamadas de Emergencia;588;3,478;
2019;6;LONGITUDINAL DE LA SIERRA TRAMO 2: CIUDAD DE DIOS-CAJAMARCA-CHIPLE, CAJAMARCA-TRUJILLO Y DV. CHILETE-EMP. PE-3N1;CONCESIONARIA VIAL SIERRA NORTE S.A.;Número de Asistencias Mecánicas;68;316;
2019;6;LONGITUDINAL DE LA SIERRA TRAMO 2: CIUDAD DE DIOS-CAJAMARCA-CHIPLE, CAJAMARCA-TRUJILLO Y DV. CHILETE-EMP. PE-3N1;CONCESIONARIA VIAL SIERRA NORTE S.A.;Número de Asistencias Médicas;4;37;
2019;6;LONGITUDINAL DE LA SIERRA TRAMO 2: CIUDAD DE DIOS-CAJAMARCA-CHIPLE, CAJAMARCA-TRUJILLO Y DV. CHILETE-EMP. PE-3N1;CONCESIONARIA VIAL SIERRA NORTE S.A.;Número de Llamadas de Emergencia;0;0;
2019;6;RED VIAL N° 4: TRAMOS VIALES PATIVILCA - SANTA - TRUJILLO Y PUERTO SALAVERRY - EMPALME R01N;AUTOPISTA DEL NORTE S.A.C.;Número de Asistencias Mecánicas;204;1,445;
2019;6;RED VIAL N° 4: TRAMOS VIALES PATIVILCA - SANTA - TRUJILLO Y PUERTO SALAVERRY - EMPALME R01N;AUTOPISTA DEL NORTE S.A.C.;Número de Asistencias Médicas;25;182;
2019;6;RED VIAL N° 4: TRAMOS VIALES PATIVILCA - SANTA - TRUJILLO Y PUERTO SALAVERRY - EMPALME R01N;AUTOPISTA DEL NORTE S.A.C.;Número de Llamadas de Emergencia;242;1,707;
2019;6;RED VIAL Nº 5: TRAMO ANCÓN-HUACHO-PATIVILCA;NORVIAL S.A.;Número de Asistencias Mecánicas;720;5,290;
2019;6;RED VIAL Nº 5: TRAMO ANCÓN-HUACHO-PATIVILCA;NORVIAL S.A.;Número de Asistencias Médicas;108;670;
2019;6;RED VIAL Nº 5: TRAMO ANCÓN-HUACHO-PATIVILCA;NORVIAL S.A.;Número de Llamadas de Emergencia;886;6,464;
2019;6;RED VIAL 6: TRAMO VIAL PUENTE PUCUSANA - CERRO AZUL - ICA;CONCESIONARIA VIAL DEL PERÚ S.A.;Número de Asistencias Mecánicas;469;3,475;
2019;6;RED VIAL 6: TRAMO VIAL PUENTE PUCUSANA - CERRO AZUL - ICA;CONCESIONARIA VIAL DEL PERÚ S.A.;Número de Asistencias Médicas;58;397;
2019;6;RED VIAL 6: TRAMO VIAL PUENTE PUCUSANA - CERRO AZUL - ICA;CONCESIONARIA VIAL DEL PERÚ S.A.;Número de Llamadas de Emergencia;469;3,475;
2019;6;TRAMO VIAL - OVALO CHANCAY - HUARAL - ACOS;CONSORCIO CONCESIÓN CHANCAY - ACOS S.A.;Número de Asistencias Mecánicas;24;131;
2019;6;TRAMO VIAL - OVALO CHANCAY - HUARAL - ACOS;CONSORCIO CONCESIÓN CHANCAY - ACOS S.A.;Número de Asistencias Médicas;0;3;
2019;6;TRAMO VIAL - OVALO CHANCAY - HUARAL - ACOS;CONSORCIO CONCESIÓN CHANCAY - ACOS S.A.;Número de Llamadas de Emergencia;24;134;
2019;6;TRAMO VIAL DESVÍO QUILCA - DESVÍO AREQUIPA (REPARTICIÓN) - DESVÍO MATARANI - DESVÍO MOQUEGUA - DESVÍO ILO - TACNA - LA CONCORDIA;CONCESIONARIA PERUANA DE VÍAS - COVINCA S.A.;Número de Asistencias Mecánicas;0;0;
2019;6;TRAMO VIAL DESVÍO QUILCA - DESVÍO AREQUIPA (REPARTICIÓN) - DESVÍO MATARANI - DESVÍO MOQUEGUA - DESVÍO ILO - TACNA - LA CONCORDIA;CONCESIONARIA PERUANA DE VÍAS - COVINCA S.A.;Número de Asistencias Médicas;0;0;
2019;6;TRAMO VIAL DESVÍO QUILCA - DESVÍO AREQUIPA (REPARTICIÓN) - DESVÍO MATARANI - DESVÍO MOQUEGUA - DESVÍO ILO - TACNA - LA CONCORDIA;CONCESIONARIA PERUANA DE VÍAS - COVINCA S.A.;Número de Llamadas de Emergencia;0;0;
2019;7;AUTOPISTA DEL SOL, TRAMO TRUJILLO-SULLANA;CONCESIONARIA VIAL DEL SOL S.A.;Número de Asistencias Mecánicas;276;2,294;
2019;7;AUTOPISTA DEL SOL, TRAMO TRUJILLO-SULLANA;CONCESIONARIA VIAL DEL SOL S.A.;Número de Asistencias Médicas;81;890;
2019;7;AUTOPISTA DEL SOL, TRAMO TRUJILLO-SULLANA;CONCESIONARIA VIAL DEL SOL S.A.;Número de Llamadas de Emergencia;346;3,120;
2019;7;CORREDOR VIAL INTEROCEÁNICO SUR PERÚ -BRASIL, TRAMO 1: MARCONA - URCOS;SURVIAL S.A.;Número de Asistencias Mecánicas;139;859;
2019;7;CORREDOR VIAL INTEROCEÁNICO SUR PERÚ -BRASIL, TRAMO 1: MARCONA - URCOS;SURVIAL S.A.;Número de Asistencias Médicas;0;0;
2019;7;CORREDOR VIAL INTEROCEÁNICO SUR PERÚ -BRASIL, TRAMO 1: MARCONA - URCOS;SURVIAL S.A.;Número de Llamadas de Emergencia;179;1,181;
2019;7;CORREDOR VIAL INTEROCEÁNICO SUR PERÚ -BRASIL, TRAMO 2 : URCOS-INAMBARI;CONCESIONARIA INTEROCEANICA SUR - TRAMO 2 S.A.;Número de Asistencias Mecánicas;47;255;
2019;7;CORREDOR VIAL INTEROCEÁNICO SUR PERÚ -BRASIL, TRAMO 2 : URCOS-INAMBARI;CONCESIONARIA INTEROCEANICA SUR - TRAMO 2 S.A.;Número de Asistencias Médicas;0;0;
2019;7;CORREDOR VIAL INTEROCEÁNICO SUR PERÚ -BRASIL, TRAMO 2 : URCOS-INAMBARI;CONCESIONARIA INTEROCEANICA SUR - TRAMO 2 S.A.;Número de Llamadas de Emergencia;66;492;
2019;7;CORREDOR VIAL INTEROCEÁNICO SUR PERÚ -BRASIL, TRAMO 3: INAMBARI-IÑAPARI;CONCESIONARIA INTEROCEANICA SUR - TRAMO 3 S.A.;Número de Asistencias Mecánicas;92;582;
2019;7;CORREDOR VIAL INTEROCEÁNICO SUR PERÚ -BRASIL, TRAMO 3: INAMBARI-IÑAPARI;CONCESIONARIA INTEROCEANICA SUR - TRAMO 3 S.A.;Número de Asistencias Médicas;0;0;
2019;7;CORREDOR VIAL INTEROCEÁNICO SUR PERÚ -BRASIL, TRAMO 3: INAMBARI-IÑAPARI;CONCESIONARIA INTEROCEANICA SUR - TRAMO 3 S.A.;Número de Llamadas de Emergencia;109;755;
2019;7;CORREDOR VIAL INTEROCEÁNICO SUR PERÚ -BRASIL, TRAMO 4: AZÁNGARO-INAMBARI;INTERSUR CONCESIONES S.A.;Número de Asistencias Mecánicas;51;390;
2019;7;CORREDOR VIAL INTEROCEÁNICO SUR PERÚ -BRASIL, TRAMO 4: AZÁNGARO-INAMBARI;INTERSUR CONCESIONES S.A.;Número de Asistencias Médicas;0;0;
2019;7;CORREDOR VIAL INTEROCEÁNICO SUR PERÚ -BRASIL, TRAMO 4: AZÁNGARO-INAMBARI;INTERSUR CONCESIONES S.A.;Número de Llamadas de Emergencia;78;1,391;
2019;7;CORREDOR VIAL INTEROCEÁNICO SUR PERÚ -BRASIL, TRAMO 5: ILO, MATARANI - AZANGARO;CONCESIONARIA VIAL DEL SUR S.A.;Número de Asistencias Mecánicas;181;1,345;
2019;7;CORREDOR VIAL INTEROCEÁNICO SUR PERÚ -BRASIL, TRAMO 5: ILO, MATARANI - AZANGARO;CONCESIONARIA VIAL DEL SUR S.A.;Número de Asistencias Médicas;0;0;
2019;7;CORREDOR VIAL INTEROCEÁNICO SUR PERÚ -BRASIL, TRAMO 5: ILO, MATARANI - AZANGARO;CONCESIONARIA VIAL DEL SUR S.A.;Número de Llamadas de Emergencia;181;1,390;
2019;7;EJE MULTIMODAL DEL AMAZONAS NORTE: TRAMO YURIMAGUAS - TARAPOTO - RIOJA - CORRAL QUEMADO - OLMOS - PIURA - PAITA;CONCESIONARIA IIRSA NORTE S.A.;Número de Asistencias Mecánicas;260;1,747;
2019;7;EJE MULTIMODAL DEL AMAZONAS NORTE: TRAMO YURIMAGUAS - TARAPOTO - RIOJA - CORRAL QUEMADO - OLMOS - PIURA - PAITA;CONCESIONARIA IIRSA NORTE S.A.;Número de Asistencias Médicas;0;0;
2019;7;EJE MULTIMODAL DEL AMAZONAS NORTE: TRAMO YURIMAGUAS - TARAPOTO - RIOJA - CORRAL QUEMADO - OLMOS - PIURA - PAITA;CONCESIONARIA IIRSA NORTE S.A.;Número de Llamadas de Emergencia;347;3,217;
2019;7;EMPALME 1B - BUENOS AIRES - CANCHAQUE;CONCESIÓN CANCHAQUE S.A.C;Número de Asistencias Mecánicas;21;113;
2019;7;EMPALME 1B - BUENOS AIRES - CANCHAQUE;CONCESIÓN CANCHAQUE S.A.C;Número de Asistencias Médicas;0;0;
2019;7;EMPALME 1B - BUENOS AIRES - CANCHAQUE;CONCESIÓN CANCHAQUE S.A.C;Número de Llamadas de Emergencia;24;137;
2019;7;IIRSA CENTRO,TRAMO 2: PUENTE RICARDO PALMA - LA OROYA - HUANCAYO - DV CERRO DE PASCO;DESARROLLO VIAL DE LOS ANDES S.A.C.;Número de Asistencias Mecánicas;747;4,080;
2019;7;IIRSA CENTRO,TRAMO 2: PUENTE RICARDO PALMA - LA OROYA - HUANCAYO - DV CERRO DE PASCO;DESARROLLO VIAL DE LOS ANDES S.A.C.;Número de Asistencias Médicas;86;378;
2019;7;IIRSA CENTRO,TRAMO 2: PUENTE RICARDO PALMA - LA OROYA - HUANCAYO - DV CERRO DE PASCO;DESARROLLO VIAL DE LOS ANDES S.A.C.;Número de Llamadas de Emergencia;796;4,274;
2019;7;LONGITUDINAL DE LA SIERRA TRAMO 2: CIUDAD DE DIOS-CAJAMARCA-CHIPLE, CAJAMARCA-TRUJILLO Y DV. CHILETE-EMP. PE-3N1;CONCESIONARIA VIAL SIERRA NORTE S.A.;Número de Asistencias Mecánicas;83;399;
2019;7;LONGITUDINAL DE LA SIERRA TRAMO 2: CIUDAD DE DIOS-CAJAMARCA-CHIPLE, CAJAMARCA-TRUJILLO Y DV. CHILETE-EMP. PE-3N1;CONCESIONARIA VIAL SIERRA NORTE S.A.;Número de Asistencias Médicas;5;42;
2019;7;LONGITUDINAL DE LA SIERRA TRAMO 2: CIUDAD DE DIOS-CAJAMARCA-CHIPLE, CAJAMARCA-TRUJILLO Y DV. CHILETE-EMP. PE-3N1;CONCESIONARIA VIAL SIERRA NORTE S.A.;Número de Llamadas de Emergencia;0;0;
2019;7;RED VIAL N° 4: TRAMOS VIALES PATIVILCA - SANTA - TRUJILLO Y PUERTO SALAVERRY - EMPALME R01N;AUTOPISTA DEL NORTE S.A.C.;Número de Asistencias Mecánicas;233;1,678;
2019;7;RED VIAL N° 4: TRAMOS VIALES PATIVILCA - SANTA - TRUJILLO Y PUERTO SALAVERRY - EMPALME R01N;AUTOPISTA DEL NORTE S.A.C.;Número de Asistencias Médicas;26;208;
2019;7;RED VIAL N° 4: TRAMOS VIALES PATIVILCA - SANTA - TRUJILLO Y PUERTO SALAVERRY - EMPALME R01N;AUTOPISTA DEL NORTE S.A.C.;Número de Llamadas de Emergencia;277;1,984;
2019;7;RED VIAL Nº 5: TRAMO ANCÓN-HUACHO-PATIVILCA;NORVIAL S.A.;Número de Asistencias Mecánicas;916;6,206;
2019;7;RED VIAL Nº 5: TRAMO ANCÓN-HUACHO-PATIVILCA;NORVIAL S.A.;Número de Asistencias Médicas;127;797;
2019;7;RED VIAL Nº 5: TRAMO ANCÓN-HUACHO-PATIVILCA;NORVIAL S.A.;Número de Llamadas de Emergencia;1,136;7,600;
2019;7;RED VIAL 6: TRAMO VIAL PUENTE PUCUSANA - CERRO AZUL - ICA;CONCESIONARIA VIAL DEL PERÚ S.A.;Número de Asistencias Mecánicas;557;4,032;
2019;7;RED VIAL 6: TRAMO VIAL PUENTE PUCUSANA - CERRO AZUL - ICA;CONCESIONARIA VIAL DEL PERÚ S.A.;Número de Asistencias Médicas;64;461;
2019;7;RED VIAL 6: TRAMO VIAL PUENTE PUCUSANA - CERRO AZUL - ICA;CONCESIONARIA VIAL DEL PERÚ S.A.;Número de Llamadas de Emergencia;557;4,032;
2019;7;TRAMO VIAL - OVALO CHANCAY - HUARAL - ACOS;CONSORCIO CONCESIÓN CHANCAY - ACOS S.A.;Número de Asistencias Mecánicas;30;161;
2019;7;TRAMO VIAL - OVALO CHANCAY - HUARAL - ACOS;CONSORCIO CONCESIÓN CHANCAY - ACOS S.A.;Número de Asistencias Médicas;1;4;
2019;7;TRAMO VIAL - OVALO CHANCAY - HUARAL - ACOS;CONSORCIO CONCESIÓN CHANCAY - ACOS S.A.;Número de Llamadas de Emergencia;31;165;
2019;7;TRAMO VIAL DESVÍO QUILCA - DESVÍO AREQUIPA (REPARTICIÓN) - DESVÍO MATARANI - DESVÍO MOQUEGUA - DESVÍO ILO - TACNA - LA CONCORDIA;CONCESIONARIA PERUANA DE VÍAS - COVINCA S.A.;Número de Asistencias Mecánicas;0;0;
2019;7;TRAMO VIAL DESVÍO QUILCA - DESVÍO AREQUIPA (REPARTICIÓN) - DESVÍO MATARANI - DESVÍO MOQUEGUA - DESVÍO ILO - TACNA - LA CONCORDIA;CONCESIONARIA PERUANA DE VÍAS - COVINCA S.A.;Número de Asistencias Médicas;0;0;
2019;7;TRAMO VIAL DESVÍO QUILCA - DESVÍO AREQUIPA (REPARTICIÓN) - DESVÍO MATARANI - DESVÍO MOQUEGUA - DESVÍO ILO - TACNA - LA CONCORDIA;CONCESIONARIA PERUANA DE VÍAS - COVINCA S.A.;Número de Llamadas de Emergencia;0;0;
2019;8;AUTOPISTA DEL SOL, TRAMO TRUJILLO-SULLANA;CONCESIONARIA VIAL DEL SOL S.A.;Número de Asistencias Mecánicas;307;2,601;
2019;8;AUTOPISTA DEL SOL, TRAMO TRUJILLO-SULLANA;CONCESIONARIA VIAL DEL SOL S.A.;Número de Asistencias Médicas;79;969;
2019;8;AUTOPISTA DEL SOL, TRAMO TRUJILLO-SULLANA;CONCESIONARIA VIAL DEL SOL S.A.;Número de Llamadas de Emergencia;376;3,496;
2019;8;CORREDOR VIAL INTEROCEÁNICO SUR PERÚ -BRASIL, TRAMO 1: MARCONA - URCOS;SURVIAL S.A.;Número de Asistencias Mecánicas;149;1,008;
2019;8;CORREDOR VIAL INTEROCEÁNICO SUR PERÚ -BRASIL, TRAMO 1: MARCONA - URCOS;SURVIAL S.A.;Número de Asistencias Médicas;0;0;
2019;8;CORREDOR VIAL INTEROCEÁNICO SUR PERÚ -BRASIL, TRAMO 1: MARCONA - URCOS;SURVIAL S.A.;Número de Llamadas de Emergencia;193;1,374;
2019;8;CORREDOR VIAL INTEROCEÁNICO SUR PERÚ -BRASIL, TRAMO 2 : URCOS-INAMBARI;CONCESIONARIA INTEROCEANICA SUR - TRAMO 2 S.A.;Número de Asistencias Mecánicas;29;284;
2019;8;CORREDOR VIAL INTEROCEÁNICO SUR PERÚ -BRASIL, TRAMO 2 : URCOS-INAMBARI;CONCESIONARIA INTEROCEANICA SUR - TRAMO 2 S.A.;Número de Asistencias Médicas;0;0;
2019;8;CORREDOR VIAL INTEROCEÁNICO SUR PERÚ -BRASIL, TRAMO 2 : URCOS-INAMBARI;CONCESIONARIA INTEROCEANICA SUR - TRAMO 2 S.A.;Número de Llamadas de Emergencia;51;543;
2019;8;CORREDOR VIAL INTEROCEÁNICO SUR PERÚ -BRASIL, TRAMO 3: INAMBARI-IÑAPARI;CONCESIONARIA INTEROCEANICA SUR - TRAMO 3 S.A.;Número de Asistencias Mecánicas;97;679;
2019;8;CORREDOR VIAL INTEROCEÁNICO SUR PERÚ -BRASIL, TRAMO 3: INAMBARI-IÑAPARI;CONCESIONARIA INTEROCEANICA SUR - TRAMO 3 S.A.;Número de Asistencias Médicas;0;0;
2019;8;CORREDOR VIAL INTEROCEÁNICO SUR PERÚ -BRASIL, TRAMO 3: INAMBARI-IÑAPARI;CONCESIONARIA INTEROCEANICA SUR - TRAMO 3 S.A.;Número de Llamadas de Emergencia;106;861;
2019;8;CORREDOR VIAL INTEROCEÁNICO SUR PERÚ -BRASIL, TRAMO 4: AZÁNGARO-INAMBARI;INTERSUR CONCESIONES S.A.;Número de Asistencias Mecánicas;46;436;
2019;8;CORREDOR VIAL INTEROCEÁNICO SUR PERÚ -BRASIL, TRAMO 4: AZÁNGARO-INAMBARI;INTERSUR CONCESIONES S.A.;Número de Asistencias Médicas;0;0;
2019;8;CORREDOR VIAL INTEROCEÁNICO SUR PERÚ -BRASIL, TRAMO 4: AZÁNGARO-INAMBARI;INTERSUR CONCESIONES S.A.;Número de Llamadas de Emergencia;72;1,463;
2019;8;CORREDOR VIAL INTEROCEÁNICO SUR PERÚ -BRASIL, TRAMO 5: ILO, MATARANI - AZANGARO;CONCESIONARIA VIAL DEL SUR S.A.;Número de Asistencias Mecánicas;196;1,541;
2019;8;CORREDOR VIAL INTEROCEÁNICO SUR PERÚ -BRASIL, TRAMO 5: ILO, MATARANI - AZANGARO;CONCESIONARIA VIAL DEL SUR S.A.;Número de Asistencias Médicas;0;0;
2019;8;CORREDOR VIAL INTEROCEÁNICO SUR PERÚ -BRASIL, TRAMO 5: ILO, MATARANI - AZANGARO;CONCESIONARIA VIAL DEL SUR S.A.;Número de Llamadas de Emergencia;200;1,590;
2019;8;EJE MULTIMODAL DEL AMAZONAS NORTE: TRAMO YURIMAGUAS - TARAPOTO - RIOJA - CORRAL QUEMADO - OLMOS - PIURA - PAITA;CONCESIONARIA IIRSA NORTE S.A.;Número de Asistencias Mecánicas;245;1,992;
2019;8;EJE MULTIMODAL DEL AMAZONAS NORTE: TRAMO YURIMAGUAS - TARAPOTO - RIOJA - CORRAL QUEMADO - OLMOS - PIURA - PAITA;CONCESIONARIA IIRSA NORTE S.A.;Número de Asistencias Médicas;0;0;
2019;8;EJE MULTIMODAL DEL AMAZONAS NORTE: TRAMO YURIMAGUAS - TARAPOTO - RIOJA - CORRAL QUEMADO - OLMOS - PIURA - PAITA;CONCESIONARIA IIRSA NORTE S.A.;Número de Llamadas de Emergencia;318;3,535;
2019;8;EMPALME 1B - BUENOS AIRES - CANCHAQUE;CONCESIÓN CANCHAQUE S.A.C;Número de Asistencias Mecánicas;18;131;
2019;8;EMPALME 1B - BUENOS AIRES - CANCHAQUE;CONCESIÓN CANCHAQUE S.A.C;Número de Asistencias Médicas;0;0;
2019;8;EMPALME 1B - BUENOS AIRES - CANCHAQUE;CONCESIÓN CANCHAQUE S.A.C;Número de Llamadas de Emergencia;24;161;
2019;8;IIRSA CENTRO,TRAMO 2: PUENTE RICARDO PALMA - LA OROYA - HUANCAYO - DV CERRO DE PASCO;DESARROLLO VIAL DE LOS ANDES S.A.C.;Número de Asistencias Mecánicas;760;4,840;
2019;8;IIRSA CENTRO,TRAMO 2: PUENTE RICARDO PALMA - LA OROYA - HUANCAYO - DV CERRO DE PASCO;DESARROLLO VIAL DE LOS ANDES S.A.C.;Número de Asistencias Médicas;65;443;
2019;8;IIRSA CENTRO,TRAMO 2: PUENTE RICARDO PALMA - LA OROYA - HUANCAYO - DV CERRO DE PASCO;DESARROLLO VIAL DE LOS ANDES S.A.C.;Número de Llamadas de Emergencia;802;5,076;
2019;8;LONGITUDINAL DE LA SIERRA TRAMO 2: CIUDAD DE DIOS-CAJAMARCA-CHIPLE, CAJAMARCA-TRUJILLO Y DV. CHILETE-EMP. PE-3N1;CONCESIONARIA VIAL SIERRA NORTE S.A.;Número de Asistencias Mecánicas;98;497;
2019;8;LONGITUDINAL DE LA SIERRA TRAMO 2: CIUDAD DE DIOS-CAJAMARCA-CHIPLE, CAJAMARCA-TRUJILLO Y DV. CHILETE-EMP. PE-3N1;CONCESIONARIA VIAL SIERRA NORTE S.A.;Número de Asistencias Médicas;8;50;
2019;8;LONGITUDINAL DE LA SIERRA TRAMO 2: CIUDAD DE DIOS-CAJAMARCA-CHIPLE, CAJAMARCA-TRUJILLO Y DV. CHILETE-EMP. PE-3N1;CONCESIONARIA VIAL SIERRA NORTE S.A.;Número de Llamadas de Emergencia;0;0;
2019;8;RED VIAL N° 4: TRAMOS VIALES PATIVILCA - SANTA - TRUJILLO Y PUERTO SALAVERRY - EMPALME R01N;AUTOPISTA DEL NORTE S.A.C.;Número de Asistencias Mecánicas;226;1,904;
2019;8;RED VIAL N° 4: TRAMOS VIALES PATIVILCA - SANTA - TRUJILLO Y PUERTO SALAVERRY - EMPALME R01N;AUTOPISTA DEL NORTE S.A.C.;Número de Asistencias Médicas;30;238;
2019;8;RED VIAL N° 4: TRAMOS VIALES PATIVILCA - SANTA - TRUJILLO Y PUERTO SALAVERRY - EMPALME R01N;AUTOPISTA DEL NORTE S.A.C.;Número de Llamadas de Emergencia;284;2,268;
2019;8;RED VIAL Nº 5: TRAMO ANCÓN-HUACHO-PATIVILCA;NORVIAL S.A.;Número de Asistencias Mecánicas;966;7,172;
2019;8;RED VIAL Nº 5: TRAMO ANCÓN-HUACHO-PATIVILCA;NORVIAL S.A.;Número de Asistencias Médicas;133;930;
2019;8;RED VIAL Nº 5: TRAMO ANCÓN-HUACHO-PATIVILCA;NORVIAL S.A.;Número de Llamadas de Emergencia;1,188;8,788;
2019;8;RED VIAL 6: TRAMO VIAL PUENTE PUCUSANA - CERRO AZUL - ICA;CONCESIONARIA VIAL DEL PERÚ S.A.;Número de Asistencias Mecánicas;545;4,577;
2019;8;RED VIAL 6: TRAMO VIAL PUENTE PUCUSANA - CERRO AZUL - ICA;CONCESIONARIA VIAL DEL PERÚ S.A.;Número de Asistencias Médicas;70;531;
2019;8;RED VIAL 6: TRAMO VIAL PUENTE PUCUSANA - CERRO AZUL - ICA;CONCESIONARIA VIAL DEL PERÚ S.A.;Número de Llamadas de Emergencia;545;4,577;
2019;8;TRAMO VIAL - OVALO CHANCAY - HUARAL - ACOS;CONSORCIO CONCESIÓN CHANCAY - ACOS S.A.;Número de Asistencias Mecánicas;30;191;
2019;8;TRAMO VIAL - OVALO CHANCAY - HUARAL - ACOS;CONSORCIO CONCESIÓN CHANCAY - ACOS S.A.;Número de Asistencias Médicas;0;4;
2019;8;TRAMO VIAL - OVALO CHANCAY - HUARAL - ACOS;CONSORCIO CONCESIÓN CHANCAY - ACOS S.A.;Número de Llamadas de Emergencia;30;195;
2019;8;TRAMO VIAL DESVÍO QUILCA - DESVÍO AREQUIPA (REPARTICIÓN) - DESVÍO MATARANI - DESVÍO MOQUEGUA - DESVÍO ILO - TACNA - LA CONCORDIA;CONCESIONARIA PERUANA DE VÍAS - COVINCA S.A.;Número de Asistencias Mecánicas;0;0;
2019;8;TRAMO VIAL DESVÍO QUILCA - DESVÍO AREQUIPA (REPARTICIÓN) - DESVÍO MATARANI - DESVÍO MOQUEGUA - DESVÍO ILO - TACNA - LA CONCORDIA;CONCESIONARIA PERUANA DE VÍAS - COVINCA S.A.;Número de Asistencias Médicas;0;0;
2019;8;TRAMO VIAL DESVÍO QUILCA - DESVÍO AREQUIPA (REPARTICIÓN) - DESVÍO MATARANI - DESVÍO MOQUEGUA - DESVÍO ILO - TACNA - LA CONCORDIA;CONCESIONARIA PERUANA DE VÍAS - COVINCA S.A.;Número de Llamadas de Emergencia;0;0;
2019;9;AUTOPISTA DEL SOL, TRAMO TRUJILLO-SULLANA;CONCESIONARIA VIAL DEL SOL S.A.;Número de Asistencias Mecánicas;302;2,903;
2019;9;AUTOPISTA DEL SOL, TRAMO TRUJILLO-SULLANA;CONCESIONARIA VIAL DEL SOL S.A.;Número de Asistencias Médicas;71;1,040;
2019;9;AUTOPISTA DEL SOL, TRAMO TRUJILLO-SULLANA;CONCESIONARIA VIAL DEL SOL S.A.;Número de Llamadas de Emergencia;369;3,865;
2019;9;CORREDOR VIAL INTEROCEÁNICO SUR PERÚ -BRASIL, TRAMO 1: MARCONA - URCOS;SURVIAL S.A.;Número de Asistencias Mecánicas;175;1,183;
2019;9;CORREDOR VIAL INTEROCEÁNICO SUR PERÚ -BRASIL, TRAMO 1: MARCONA - URCOS;SURVIAL S.A.;Número de Asistencias Médicas;0;0;
2019;9;CORREDOR VIAL INTEROCEÁNICO SUR PERÚ -BRASIL, TRAMO 1: MARCONA - URCOS;SURVIAL S.A.;Número de Llamadas de Emergencia;218;1,592;
2019;9;CORREDOR VIAL INTEROCEÁNICO SUR PERÚ -BRASIL, TRAMO 2 : URCOS-INAMBARI;CONCESIONARIA INTEROCEANICA SUR - TRAMO 2 S.A.;Número de Asistencias Mecánicas;31;315;
2019;9;CORREDOR VIAL INTEROCEÁNICO SUR PERÚ -BRASIL, TRAMO 2 : URCOS-INAMBARI;CONCESIONARIA INTEROCEANICA SUR - TRAMO 2 S.A.;Número de Asistencias Médicas;0;0;
2019;9;CORREDOR VIAL INTEROCEÁNICO SUR PERÚ -BRASIL, TRAMO 2 : URCOS-INAMBARI;CONCESIONARIA INTEROCEANICA SUR - TRAMO 2 S.A.;Número de Llamadas de Emergencia;40;583;
2019;9;CORREDOR VIAL INTEROCEÁNICO SUR PERÚ -BRASIL, TRAMO 3: INAMBARI-IÑAPARI;CONCESIONARIA INTEROCEANICA SUR - TRAMO 3 S.A.;Número de Asistencias Mecánicas;99;778;
2019;9;CORREDOR VIAL INTEROCEÁNICO SUR PERÚ -BRASIL, TRAMO 3: INAMBARI-IÑAPARI;CONCESIONARIA INTEROCEANICA SUR - TRAMO 3 S.A.;Número de Asistencias Médicas;3;3;
2019;9;CORREDOR VIAL INTEROCEÁNICO SUR PERÚ -BRASIL, TRAMO 3: INAMBARI-IÑAPARI;CONCESIONARIA INTEROCEANICA SUR - TRAMO 3 S.A.;Número de Llamadas de Emergencia;107;968;
2019;9;CORREDOR VIAL INTEROCEÁNICO SUR PERÚ -BRASIL, TRAMO 4: AZÁNGARO-INAMBARI;INTERSUR CONCESIONES S.A.;Número de Asistencias Mecánicas;40;476;
2019;9;CORREDOR VIAL INTEROCEÁNICO SUR PERÚ -BRASIL, TRAMO 4: AZÁNGARO-INAMBARI;INTERSUR CONCESIONES S.A.;Número de Asistencias Médicas;0;0;
2019;9;CORREDOR VIAL INTEROCEÁNICO SUR PERÚ -BRASIL, TRAMO 4: AZÁNGARO-INAMBARI;INTERSUR CONCESIONES S.A.;Número de Llamadas de Emergencia;75;1,538;
2019;9;CORREDOR VIAL INTEROCEÁNICO SUR PERÚ -BRASIL, TRAMO 5: ILO, MATARANI - AZANGARO;CONCESIONARIA VIAL DEL SUR S.A.;Número de Asistencias Mecánicas;192;1,733;
2019;9;CORREDOR VIAL INTEROCEÁNICO SUR PERÚ -BRASIL, TRAMO 5: ILO, MATARANI - AZANGARO;CONCESIONARIA VIAL DEL SUR S.A.;Número de Asistencias Médicas;0;0;
2019;9;CORREDOR VIAL INTEROCEÁNICO SUR PERÚ -BRASIL, TRAMO 5: ILO, MATARANI - AZANGARO;CONCESIONARIA VIAL DEL SUR S.A.;Número de Llamadas de Emergencia;192;1,782;
2019;9;EJE MULTIMODAL DEL AMAZONAS NORTE: TRAMO YURIMAGUAS - TARAPOTO - RIOJA - CORRAL QUEMADO - OLMOS - PIURA - PAITA;CONCESIONARIA IIRSA NORTE S.A.;Número de Asistencias Mecánicas;209;2,201;
2019;9;EJE MULTIMODAL DEL AMAZONAS NORTE: TRAMO YURIMAGUAS - TARAPOTO - RIOJA - CORRAL QUEMADO - OLMOS - PIURA - PAITA;CONCESIONARIA IIRSA NORTE S.A.;Número de Asistencias Médicas;0;0;
2019;9;EJE MULTIMODAL DEL AMAZONAS NORTE: TRAMO YURIMAGUAS - TARAPOTO - RIOJA - CORRAL QUEMADO - OLMOS - PIURA - PAITA;CONCESIONARIA IIRSA NORTE S.A.;Número de Llamadas de Emergencia;284;3,819;
2019;9;EMPALME 1B - BUENOS AIRES - CANCHAQUE;CONCESIÓN CANCHAQUE S.A.C;Número de Asistencias Mecánicas;20;151;
2019;9;EMPALME 1B - BUENOS AIRES - CANCHAQUE;CONCESIÓN CANCHAQUE S.A.C;Número de Asistencias Médicas;0;0;
2019;9;EMPALME 1B - BUENOS AIRES - CANCHAQUE;CONCESIÓN CANCHAQUE S.A.C;Número de Llamadas de Emergencia;21;182;
2019;9;IIRSA CENTRO,TRAMO 2: PUENTE RICARDO PALMA - LA OROYA - HUANCAYO - DV CERRO DE PASCO;DESARROLLO VIAL DE LOS ANDES S.A.C.;Número de Asistencias Mecánicas;568;5,408;
2019;9;IIRSA CENTRO,TRAMO 2: PUENTE RICARDO PALMA - LA OROYA - HUANCAYO - DV CERRO DE PASCO;DESARROLLO VIAL DE LOS ANDES S.A.C.;Número de Asistencias Médicas;59;502;
2019;9;IIRSA CENTRO,TRAMO 2: PUENTE RICARDO PALMA - LA OROYA - HUANCAYO - DV CERRO DE PASCO;DESARROLLO VIAL DE LOS ANDES S.A.C.;Número de Llamadas de Emergencia;600;5,676;
2019;9;LONGITUDINAL DE LA SIERRA TRAMO 2: CIUDAD DE DIOS-CAJAMARCA-CHIPLE, CAJAMARCA-TRUJILLO Y DV. CHILETE-EMP. PE-3N1;CONCESIONARIA VIAL SIERRA NORTE S.A.;Número de Asistencias Mecánicas;80;577;
2019;9;LONGITUDINAL DE LA SIERRA TRAMO 2: CIUDAD DE DIOS-CAJAMARCA-CHIPLE, CAJAMARCA-TRUJILLO Y DV. CHILETE-EMP. PE-3N1;CONCESIONARIA VIAL SIERRA NORTE S.A.;Número de Asistencias Médicas;3;53;
2019;9;LONGITUDINAL DE LA SIERRA TRAMO 2: CIUDAD DE DIOS-CAJAMARCA-CHIPLE, CAJAMARCA-TRUJILLO Y DV. CHILETE-EMP. PE-3N1;CONCESIONARIA VIAL SIERRA NORTE S.A.;Número de Llamadas de Emergencia;0;0;
2019;9;RED VIAL N° 4: TRAMOS VIALES PATIVILCA - SANTA - TRUJILLO Y PUERTO SALAVERRY - EMPALME R01N;AUTOPISTA DEL NORTE S.A.C.;Número de Asistencias Mecánicas;205;2,109;
2019;9;RED VIAL N° 4: TRAMOS VIALES PATIVILCA - SANTA - TRUJILLO Y PUERTO SALAVERRY - EMPALME R01N;AUTOPISTA DEL NORTE S.A.C.;Número de Asistencias Médicas;24;262;
2019;9;RED VIAL N° 4: TRAMOS VIALES PATIVILCA - SANTA - TRUJILLO Y PUERTO SALAVERRY - EMPALME R01N;AUTOPISTA DEL NORTE S.A.C.;Número de Llamadas de Emergencia;244;2,512;
2019;9;RED VIAL Nº 5: TRAMO ANCÓN-HUACHO-PATIVILCA;NORVIAL S.A.;Número de Asistencias Mecánicas;783;7,955;
2019;9;RED VIAL Nº 5: TRAMO ANCÓN-HUACHO-PATIVILCA;NORVIAL S.A.;Número de Asistencias Médicas;96;1,026;
2019;9;RED VIAL Nº 5: TRAMO ANCÓN-HUACHO-PATIVILCA;NORVIAL S.A.;Número de Llamadas de Emergencia;963;9,751;
2019;9;RED VIAL 6: TRAMO VIAL PUENTE PUCUSANA - CERRO AZUL - ICA;CONCESIONARIA VIAL DEL PERÚ S.A.;Número de Asistencias Mecánicas;520;5,097;
2019;9;RED VIAL 6: TRAMO VIAL PUENTE PUCUSANA - CERRO AZUL - ICA;CONCESIONARIA VIAL DEL PERÚ S.A.;Número de Asistencias Médicas;85;616;
2019;9;RED VIAL 6: TRAMO VIAL PUENTE PUCUSANA - CERRO AZUL - ICA;CONCESIONARIA VIAL DEL PERÚ S.A.;Número de Llamadas de Emergencia;520;5,097;
2019;9;TRAMO VIAL - OVALO CHANCAY - HUARAL - ACOS;CONSORCIO CONCESIÓN CHANCAY - ACOS S.A.;Número de Asistencias Mecánicas;34;225;
2019;9;TRAMO VIAL - OVALO CHANCAY - HUARAL - ACOS;CONSORCIO CONCESIÓN CHANCAY - ACOS S.A.;Número de Asistencias Médicas;0;4;
2019;9;TRAMO VIAL - OVALO CHANCAY - HUARAL - ACOS;CONSORCIO CONCESIÓN CHANCAY - ACOS S.A.;Número de Llamadas de Emergencia;34;229;
2019;9;TRAMO VIAL DESVÍO QUILCA - DESVÍO AREQUIPA (REPARTICIÓN) - DESVÍO MATARANI - DESVÍO MOQUEGUA - DESVÍO ILO - TACNA - LA CONCORDIA;CONCESIONARIA PERUANA DE VÍAS - COVINCA S.A.;Número de Asistencias Mecánicas;0;0;
2019;9;TRAMO VIAL DESVÍO QUILCA - DESVÍO AREQUIPA (REPARTICIÓN) - DESVÍO MATARANI - DESVÍO MOQUEGUA - DESVÍO ILO - TACNA - LA CONCORDIA;CONCESIONARIA PERUANA DE VÍAS - COVINCA S.A.;Número de Asistencias Médicas;0;0;
2019;9;TRAMO VIAL DESVÍO QUILCA - DESVÍO AREQUIPA (REPARTICIÓN) - DESVÍO MATARANI - DESVÍO MOQUEGUA - DESVÍO ILO - TACNA - LA CONCORDIA;CONCESIONARIA PERUANA DE VÍAS - COVINCA S.A.;Número de Llamadas de Emergencia;0;0;
2019;10;AUTOPISTA DEL SOL, TRAMO TRUJILLO-SULLANA;CONCESIONARIA VIAL DEL SOL S.A.;Número de Asistencias Mecánicas;238;3,141;
2019;10;AUTOPISTA DEL SOL, TRAMO TRUJILLO-SULLANA;CONCESIONARIA VIAL DEL SOL S.A.;Número de Asistencias Médicas;71;1,111;
2019;10;AUTOPISTA DEL SOL, TRAMO TRUJILLO-SULLANA;CONCESIONARIA VIAL DEL SOL S.A.;Número de Llamadas de Emergencia;299;4,164;
2019;10;CORREDOR VIAL INTEROCEÁNICO SUR PERÚ -BRASIL, TRAMO 1: MARCONA - URCOS;SURVIAL S.A.;Número de Asistencias Mecánicas;126;1,309;
2019;10;CORREDOR VIAL INTEROCEÁNICO SUR PERÚ -BRASIL, TRAMO 1: MARCONA - URCOS;SURVIAL S.A.;Número de Asistencias Médicas;0;0;
2019;10;CORREDOR VIAL INTEROCEÁNICO SUR PERÚ -BRASIL, TRAMO 1: MARCONA - URCOS;SURVIAL S.A.;Número de Llamadas de Emergencia;174;1,766;
2019;10;CORREDOR VIAL INTEROCEÁNICO SUR PERÚ -BRASIL, TRAMO 2 : URCOS-INAMBARI;CONCESIONARIA INTEROCEANICA SUR - TRAMO 2 S.A.;Número de Asistencias Mecánicas;33;348;
2019;10;CORREDOR VIAL INTEROCEÁNICO SUR PERÚ -BRASIL, TRAMO 2 : URCOS-INAMBARI;CONCESIONARIA INTEROCEANICA SUR - TRAMO 2 S.A.;Número de Asistencias Médicas;0;0;
2019;10;CORREDOR VIAL INTEROCEÁNICO SUR PERÚ -BRASIL, TRAMO 2 : URCOS-INAMBARI;CONCESIONARIA INTEROCEANICA SUR - TRAMO 2 S.A.;Número de Llamadas de Emergencia;56;639;
2019;10;CORREDOR VIAL INTEROCEÁNICO SUR PERÚ -BRASIL, TRAMO 3: INAMBARI-IÑAPARI;CONCESIONARIA INTEROCEANICA SUR - TRAMO 3 S.A.;Número de Asistencias Mecánicas;101;879;
2019;10;CORREDOR VIAL INTEROCEÁNICO SUR PERÚ -BRASIL, TRAMO 3: INAMBARI-IÑAPARI;CONCESIONARIA INTEROCEANICA SUR - TRAMO 3 S.A.;Número de Asistencias Médicas;6;9;
2019;10;CORREDOR VIAL INTEROCEÁNICO SUR PERÚ -BRASIL, TRAMO 3: INAMBARI-IÑAPARI;CONCESIONARIA INTEROCEANICA SUR - TRAMO 3 S.A.;Número de Llamadas de Emergencia;108;1,076;
2019;10;CORREDOR VIAL INTEROCEÁNICO SUR PERÚ -BRASIL, TRAMO 4: AZÁNGARO-INAMBARI;INTERSUR CONCESIONES S.A.;Número de Asistencias Mecánicas;70;546;
2019;10;CORREDOR VIAL INTEROCEÁNICO SUR PERÚ -BRASIL, TRAMO 4: AZÁNGARO-INAMBARI;INTERSUR CONCESIONES S.A.;Número de Asistencias Médicas;0;0;
2019;10;CORREDOR VIAL INTEROCEÁNICO SUR PERÚ -BRASIL, TRAMO 4: AZÁNGARO-INAMBARI;INTERSUR CONCESIONES S.A.;Número de Llamadas de Emergencia;117;1,655;
2019;10;CORREDOR VIAL INTEROCEÁNICO SUR PERÚ -BRASIL, TRAMO 5: ILO, MATARANI - AZANGARO;CONCESIONARIA VIAL DEL SUR S.A.;Número de Asistencias Mecánicas;207;1,940;
2019;10;CORREDOR VIAL INTEROCEÁNICO SUR PERÚ -BRASIL, TRAMO 5: ILO, MATARANI - AZANGARO;CONCESIONARIA VIAL DEL SUR S.A.;Número de Asistencias Médicas;0;0;
2019;10;CORREDOR VIAL INTEROCEÁNICO SUR PERÚ -BRASIL, TRAMO 5: ILO, MATARANI - AZANGARO;CONCESIONARIA VIAL DEL SUR S.A.;Número de Llamadas de Emergencia;210;1,992;
2019;10;EJE MULTIMODAL DEL AMAZONAS NORTE: TRAMO YURIMAGUAS - TARAPOTO - RIOJA - CORRAL QUEMADO - OLMOS - PIURA - PAITA;CONCESIONARIA IIRSA NORTE S.A.;Número de Asistencias Mecánicas;281;2,482;
2019;10;EJE MULTIMODAL DEL AMAZONAS NORTE: TRAMO YURIMAGUAS - TARAPOTO - RIOJA - CORRAL QUEMADO - OLMOS - PIURA - PAITA;CONCESIONARIA IIRSA NORTE S.A.;Número de Asistencias Médicas;0;0;
2019;10;EJE MULTIMODAL DEL AMAZONAS NORTE: TRAMO YURIMAGUAS - TARAPOTO - RIOJA - CORRAL QUEMADO - OLMOS - PIURA - PAITA;CONCESIONARIA IIRSA NORTE S.A.;Número de Llamadas de Emergencia;410;4,229;
2019;10;EMPALME 1B - BUENOS AIRES - CANCHAQUE;CONCESIÓN CANCHAQUE S.A.C;Número de Asistencias Mecánicas;13;164;
2019;10;EMPALME 1B - BUENOS AIRES - CANCHAQUE;CONCESIÓN CANCHAQUE S.A.C;Número de Asistencias Médicas;0;0;
2019;10;EMPALME 1B - BUENOS AIRES - CANCHAQUE;CONCESIÓN CANCHAQUE S.A.C;Número de Llamadas de Emergencia;14;196;
2019;10;IIRSA CENTRO,TRAMO 2: PUENTE RICARDO PALMA - LA OROYA - HUANCAYO - DV CERRO DE PASCO;DESARROLLO VIAL DE LOS ANDES S.A.C.;Número de Asistencias Mecánicas;621;6,029;
2019;10;IIRSA CENTRO,TRAMO 2: PUENTE RICARDO PALMA - LA OROYA - HUANCAYO - DV CERRO DE PASCO;DESARROLLO VIAL DE LOS ANDES S.A.C.;Número de Asistencias Médicas;61;563;
2019;10;IIRSA CENTRO,TRAMO 2: PUENTE RICARDO PALMA - LA OROYA - HUANCAYO - DV CERRO DE PASCO;DESARROLLO VIAL DE LOS ANDES S.A.C.;Número de Llamadas de Emergencia;650;6,326;
2019;10;LONGITUDINAL DE LA SIERRA TRAMO 2: CIUDAD DE DIOS-CAJAMARCA-CHIPLE, CAJAMARCA-TRUJILLO Y DV. CHILETE-EMP. PE-3N1;CONCESIONARIA VIAL SIERRA NORTE S.A.;Número de Asistencias Mecánicas;70;647;
2019;10;LONGITUDINAL DE LA SIERRA TRAMO 2: CIUDAD DE DIOS-CAJAMARCA-CHIPLE, CAJAMARCA-TRUJILLO Y DV. CHILETE-EMP. PE-3N1;CONCESIONARIA VIAL SIERRA NORTE S.A.;Número de Asistencias Médicas;8;61;
2019;10;LONGITUDINAL DE LA SIERRA TRAMO 2: CIUDAD DE DIOS-CAJAMARCA-CHIPLE, CAJAMARCA-TRUJILLO Y DV. CHILETE-EMP. PE-3N1;CONCESIONARIA VIAL SIERRA NORTE S.A.;Número de Llamadas de Emergencia;0;0;
2019;10;RED VIAL N° 4: TRAMOS VIALES PATIVILCA - SANTA - TRUJILLO Y PUERTO SALAVERRY - EMPALME R01N;AUTOPISTA DEL NORTE S.A.C.;Número de Asistencias Mecánicas;210;2,319;
2019;10;RED VIAL N° 4: TRAMOS VIALES PATIVILCA - SANTA - TRUJILLO Y PUERTO SALAVERRY - EMPALME R01N;AUTOPISTA DEL NORTE S.A.C.;Número de Asistencias Médicas;34;296;
2019;10;RED VIAL N° 4: TRAMOS VIALES PATIVILCA - SANTA - TRUJILLO Y PUERTO SALAVERRY - EMPALME R01N;AUTOPISTA DEL NORTE S.A.C.;Número de Llamadas de Emergencia;260;2,772;
2019;10;RED VIAL Nº 5: TRAMO ANCÓN-HUACHO-PATIVILCA;NORVIAL S.A.;Número de Asistencias Mecánicas;836;8,791;
2019;10;RED VIAL Nº 5: TRAMO ANCÓN-HUACHO-PATIVILCA;NORVIAL S.A.;Número de Asistencias Médicas;93;1,119;
2019;10;RED VIAL Nº 5: TRAMO ANCÓN-HUACHO-PATIVILCA;NORVIAL S.A.;Número de Llamadas de Emergencia;996;10,747;
2019;10;RED VIAL 6: TRAMO VIAL PUENTE PUCUSANA - CERRO AZUL - ICA;CONCESIONARIA VIAL DEL PERÚ S.A.;Número de Asistencias Mecánicas;584;5,681;
2019;10;RED VIAL 6: TRAMO VIAL PUENTE PUCUSANA - CERRO AZUL - ICA;CONCESIONARIA VIAL DEL PERÚ S.A.;Número de Asistencias Médicas;83;699;
2019;10;RED VIAL 6: TRAMO VIAL PUENTE PUCUSANA - CERRO AZUL - ICA;CONCESIONARIA VIAL DEL PERÚ S.A.;Número de Llamadas de Emergencia;584;5,681;
2019;10;TRAMO VIAL - OVALO CHANCAY - HUARAL - ACOS;CONSORCIO CONCESIÓN CHANCAY - ACOS S.A.;Número de Asistencias Mecánicas;29;254;
2019;10;TRAMO VIAL - OVALO CHANCAY - HUARAL - ACOS;CONSORCIO CONCESIÓN CHANCAY - ACOS S.A.;Número de Asistencias Médicas;0;4;
2019;10;TRAMO VIAL - OVALO CHANCAY - HUARAL - ACOS;CONSORCIO CONCESIÓN CHANCAY - ACOS S.A.;Número de Llamadas de Emergencia;29;258;
2019;10;TRAMO VIAL DESVÍO QUILCA - DESVÍO AREQUIPA (REPARTICIÓN) - DESVÍO MATARANI - DESVÍO MOQUEGUA - DESVÍO ILO - TACNA - LA CONCORDIA;CONCESIONARIA PERUANA DE VÍAS - COVINCA S.A.;Número de Asistencias Mecánicas;0;0;
2019;10;TRAMO VIAL DESVÍO QUILCA - DESVÍO AREQUIPA (REPARTICIÓN) - DESVÍO MATARANI - DESVÍO MOQUEGUA - DESVÍO ILO - TACNA - LA CONCORDIA;CONCESIONARIA PERUANA DE VÍAS - COVINCA S.A.;Número de Asistencias Médicas;0;0;
2019;10;TRAMO VIAL DESVÍO QUILCA - DESVÍO AREQUIPA (REPARTICIÓN) - DESVÍO MATARANI - DESVÍO MOQUEGUA - DESVÍO ILO - TACNA - LA CONCORDIA;CONCESIONARIA PERUANA DE VÍAS - COVINCA S.A.;Número de Llamadas de Emergencia;0;0;
2019;11;AUTOPISTA DEL SOL, TRAMO TRUJILLO-SULLANA;CONCESIONARIA VIAL DEL SOL S.A.;Número de Asistencias Mecánicas;269;3,410;
2019;11;AUTOPISTA DEL SOL, TRAMO TRUJILLO-SULLANA;CONCESIONARIA VIAL DEL SOL S.A.;Número de Asistencias Médicas;56;1,167;
2019;11;AUTOPISTA DEL SOL, TRAMO TRUJILLO-SULLANA;CONCESIONARIA VIAL DEL SOL S.A.;Número de Llamadas de Emergencia;319;4,483;
2019;11;CORREDOR VIAL INTEROCEÁNICO SUR PERÚ -BRASIL, TRAMO 1: MARCONA - URCOS;SURVIAL S.A.;Número de Asistencias Mecánicas;143;1,452;
2019;11;CORREDOR VIAL INTEROCEÁNICO SUR PERÚ -BRASIL, TRAMO 1: MARCONA - URCOS;SURVIAL S.A.;Número de Asistencias Médicas;0;0;
2019;11;CORREDOR VIAL INTEROCEÁNICO SUR PERÚ -BRASIL, TRAMO 1: MARCONA - URCOS;SURVIAL S.A.;Número de Llamadas de Emergencia;183;1,949;
2019;11;CORREDOR VIAL INTEROCEÁNICO SUR PERÚ -BRASIL, TRAMO 2 : URCOS-INAMBARI;CONCESIONARIA INTEROCEANICA SUR - TRAMO 2 S.A.;Número de Asistencias Mecánicas;35;383;
2019;11;CORREDOR VIAL INTEROCEÁNICO SUR PERÚ -BRASIL, TRAMO 2 : URCOS-INAMBARI;CONCESIONARIA INTEROCEANICA SUR - TRAMO 2 S.A.;Número de Asistencias Médicas;0;0;
2019;11;CORREDOR VIAL INTEROCEÁNICO SUR PERÚ -BRASIL, TRAMO 2 : URCOS-INAMBARI;CONCESIONARIA INTEROCEANICA SUR - TRAMO 2 S.A.;Número de Llamadas de Emergencia;49;688;
2019;11;CORREDOR VIAL INTEROCEÁNICO SUR PERÚ -BRASIL, TRAMO 3: INAMBARI-IÑAPARI;CONCESIONARIA INTEROCEANICA SUR - TRAMO 3 S.A.;Número de Asistencias Mecánicas;103;982;
2019;11;CORREDOR VIAL INTEROCEÁNICO SUR PERÚ -BRASIL, TRAMO 3: INAMBARI-IÑAPARI;CONCESIONARIA INTEROCEANICA SUR - TRAMO 3 S.A.;Número de Asistencias Médicas;9;18;
2019;11;CORREDOR VIAL INTEROCEÁNICO SUR PERÚ -BRASIL, TRAMO 3: INAMBARI-IÑAPARI;CONCESIONARIA INTEROCEANICA SUR - TRAMO 3 S.A.;Número de Llamadas de Emergencia;109;1,185;
2019;11;CORREDOR VIAL INTEROCEÁNICO SUR PERÚ -BRASIL, TRAMO 4: AZÁNGARO-INAMBARI;INTERSUR CONCESIONES S.A.;Número de Asistencias Mecánicas;42;588;
2019;11;CORREDOR VIAL INTEROCEÁNICO SUR PERÚ -BRASIL, TRAMO 4: AZÁNGARO-INAMBARI;INTERSUR CONCESIONES S.A.;Número de Asistencias Médicas;0;0;
2019;11;CORREDOR VIAL INTEROCEÁNICO SUR PERÚ -BRASIL, TRAMO 4: AZÁNGARO-INAMBARI;INTERSUR CONCESIONES S.A.;Número de Llamadas de Emergencia;86;1,741;
2019;11;CORREDOR VIAL INTEROCEÁNICO SUR PERÚ -BRASIL, TRAMO 5: ILO, MATARANI - AZANGARO;CONCESIONARIA VIAL DEL SUR S.A.;Número de Asistencias Mecánicas;185;2,125;
2019;11;CORREDOR VIAL INTEROCEÁNICO SUR PERÚ -BRASIL, TRAMO 5: ILO, MATARANI - AZANGARO;CONCESIONARIA VIAL DEL SUR S.A.;Número de Asistencias Médicas;0;0;
2019;11;CORREDOR VIAL INTEROCEÁNICO SUR PERÚ -BRASIL, TRAMO 5: ILO, MATARANI - AZANGARO;CONCESIONARIA VIAL DEL SUR S.A.;Número de Llamadas de Emergencia;185;2,177;
2019;11;EJE MULTIMODAL DEL AMAZONAS NORTE: TRAMO YURIMAGUAS - TARAPOTO - RIOJA - CORRAL QUEMADO - OLMOS - PIURA - PAITA;CONCESIONARIA IIRSA NORTE S.A.;Número de Asistencias Mecánicas;225;2,707;
2019;11;EJE MULTIMODAL DEL AMAZONAS NORTE: TRAMO YURIMAGUAS - TARAPOTO - RIOJA - CORRAL QUEMADO - OLMOS - PIURA - PAITA;CONCESIONARIA IIRSA NORTE S.A.;Número de Asistencias Médicas;0;0;
2019;11;EJE MULTIMODAL DEL AMAZONAS NORTE: TRAMO YURIMAGUAS - TARAPOTO - RIOJA - CORRAL QUEMADO - OLMOS - PIURA - PAITA;CONCESIONARIA IIRSA NORTE S.A.;Número de Llamadas de Emergencia;335;4,564;
2019;11;EMPALME 1B - BUENOS AIRES - CANCHAQUE;CONCESIÓN CANCHAQUE S.A.C;Número de Asistencias Mecánicas;16;180;
2019;11;EMPALME 1B - BUENOS AIRES - CANCHAQUE;CONCESIÓN CANCHAQUE S.A.C;Número de Asistencias Médicas;0;0;
2019;11;EMPALME 1B - BUENOS AIRES - CANCHAQUE;CONCESIÓN CANCHAQUE S.A.C;Número de Llamadas de Emergencia;19;215;
2019;11;IIRSA CENTRO,TRAMO 2: PUENTE RICARDO PALMA - LA OROYA - HUANCAYO - DV CERRO DE PASCO;DESARROLLO VIAL DE LOS ANDES S.A.C.;Número de Asistencias Mecánicas;593;6,622;
2019;11;IIRSA CENTRO,TRAMO 2: PUENTE RICARDO PALMA - LA OROYA - HUANCAYO - DV CERRO DE PASCO;DESARROLLO VIAL DE LOS ANDES S.A.C.;Número de Asistencias Médicas;54;617;
2019;11;IIRSA CENTRO,TRAMO 2: PUENTE RICARDO PALMA - LA OROYA - HUANCAYO - DV CERRO DE PASCO;DESARROLLO VIAL DE LOS ANDES S.A.C.;Número de Llamadas de Emergencia;621;6,947;
2019;11;LONGITUDINAL DE LA SIERRA TRAMO 2: CIUDAD DE DIOS-CAJAMARCA-CHIPLE, CAJAMARCA-TRUJILLO Y DV. CHILETE-EMP. PE-3N1;CONCESIONARIA VIAL SIERRA NORTE S.A.;Número de Asistencias Mecánicas;81;728;
2019;11;LONGITUDINAL DE LA SIERRA TRAMO 2: CIUDAD DE DIOS-CAJAMARCA-CHIPLE, CAJAMARCA-TRUJILLO Y DV. CHILETE-EMP. PE-3N1;CONCESIONARIA VIAL SIERRA NORTE S.A.;Número de Asistencias Médicas;4;65;
2019;11;LONGITUDINAL DE LA SIERRA TRAMO 2: CIUDAD DE DIOS-CAJAMARCA-CHIPLE, CAJAMARCA-TRUJILLO Y DV. CHILETE-EMP. PE-3N1;CONCESIONARIA VIAL SIERRA NORTE S.A.;Número de Llamadas de Emergencia;0;0;
2019;11;RED VIAL N° 4: TRAMOS VIALES PATIVILCA - SANTA - TRUJILLO Y PUERTO SALAVERRY - EMPALME R01N;AUTOPISTA DEL NORTE S.A.C.;Número de Asistencias Mecánicas;245;2,564;
2019;11;RED VIAL N° 4: TRAMOS VIALES PATIVILCA - SANTA - TRUJILLO Y PUERTO SALAVERRY - EMPALME R01N;AUTOPISTA DEL NORTE S.A.C.;Número de Asistencias Médicas;28;324;
2019;11;RED VIAL N° 4: TRAMOS VIALES PATIVILCA - SANTA - TRUJILLO Y PUERTO SALAVERRY - EMPALME R01N;AUTOPISTA DEL NORTE S.A.C.;Número de Llamadas de Emergencia;283;3,055;
2019;11;RED VIAL Nº 5: TRAMO ANCÓN-HUACHO-PATIVILCA;NORVIAL S.A.;Número de Asistencias Mecánicas;782;9,573;
2019;11;RED VIAL Nº 5: TRAMO ANCÓN-HUACHO-PATIVILCA;NORVIAL S.A.;Número de Asistencias Médicas;103;1,222;
2019;11;RED VIAL Nº 5: TRAMO ANCÓN-HUACHO-PATIVILCA;NORVIAL S.A.;Número de Llamadas de Emergencia;967;11,714;
2019;11;RED VIAL 6: TRAMO VIAL PUENTE PUCUSANA - CERRO AZUL - ICA;CONCESIONARIA VIAL DEL PERÚ S.A.;Número de Asistencias Mecánicas;548;6,229;
2019;11;RED VIAL 6: TRAMO VIAL PUENTE PUCUSANA - CERRO AZUL - ICA;CONCESIONARIA VIAL DEL PERÚ S.A.;Número de Asistencias Médicas;54;753;
2019;11;RED VIAL 6: TRAMO VIAL PUENTE PUCUSANA - CERRO AZUL - ICA;CONCESIONARIA VIAL DEL PERÚ S.A.;Número de Llamadas de Emergencia;548;6,229;
2019;11;TRAMO VIAL - NUEVO MOCUPE - CAYALTÍ - OYOTÚN;OBRAINSA CONCESIÓN VALLE DEL ZAÑA S.A.;Número de Asistencias Mecánicas;0;0;
2019;11;TRAMO VIAL - NUEVO MOCUPE - CAYALTÍ - OYOTÚN;OBRAINSA CONCESIÓN VALLE DEL ZAÑA S.A.;Número de Asistencias Médicas;0;0;
2019;11;TRAMO VIAL - NUEVO MOCUPE - CAYALTÍ - OYOTÚN;OBRAINSA CONCESIÓN VALLE DEL ZAÑA S.A.;Número de Llamadas de Emergencia;0;0;
2019;11;TRAMO VIAL - OVALO CHANCAY - HUARAL - ACOS;CONSORCIO CONCESIÓN CHANCAY - ACOS S.A.;Número de Asistencias Mecánicas;33;287;
2019;11;TRAMO VIAL - OVALO CHANCAY - HUARAL - ACOS;CONSORCIO CONCESIÓN CHANCAY - ACOS S.A.;Número de Asistencias Médicas;0;4;
2019;11;TRAMO VIAL - OVALO CHANCAY - HUARAL - ACOS;CONSORCIO CONCESIÓN CHANCAY - ACOS S.A.;Número de Llamadas de Emergencia;33;291;
2019;11;TRAMO VIAL DESVÍO QUILCA - DESVÍO AREQUIPA (REPARTICIÓN) - DESVÍO MATARANI - DESVÍO MOQUEGUA - DESVÍO ILO - TACNA - LA CONCORDIA;CONCESIONARIA PERUANA DE VÍAS - COVINCA S.A.;Número de Asistencias Mecánicas;0;0;
2019;11;TRAMO VIAL DESVÍO QUILCA - DESVÍO AREQUIPA (REPARTICIÓN) - DESVÍO MATARANI - DESVÍO MOQUEGUA - DESVÍO ILO - TACNA - LA CONCORDIA;CONCESIONARIA PERUANA DE VÍAS - COVINCA S.A.;Número de Asistencias Médicas;0;0;
2019;11;TRAMO VIAL DESVÍO QUILCA - DESVÍO AREQUIPA (REPARTICIÓN) - DESVÍO MATARANI - DESVÍO MOQUEGUA - DESVÍO ILO - TACNA - LA CONCORDIA;CONCESIONARIA PERUANA DE VÍAS - COVINCA S.A.;Número de Llamadas de Emergencia;0;0;
2019;12;AUTOPISTA DEL SOL, TRAMO TRUJILLO-SULLANA;CONCESIONARIA VIAL DEL SOL S.A.;Número de Asistencias Mecánicas;261;3,671;
2019;12;AUTOPISTA DEL SOL, TRAMO TRUJILLO-SULLANA;CONCESIONARIA VIAL DEL SOL S.A.;Número de Asistencias Médicas;93;1,260;
2019;12;AUTOPISTA DEL SOL, TRAMO TRUJILLO-SULLANA;CONCESIONARIA VIAL DEL SOL S.A.;Número de Llamadas de Emergencia;346;4,829;
2019;12;CORREDOR VIAL INTEROCEÁNICO SUR PERÚ -BRASIL, TRAMO 1: MARCONA - URCOS;SURVIAL S.A.;Número de Asistencias Mecánicas;162;1,614;
2019;12;CORREDOR VIAL INTEROCEÁNICO SUR PERÚ -BRASIL, TRAMO 1: MARCONA - URCOS;SURVIAL S.A.;Número de Asistencias Médicas;0;0;
2019;12;CORREDOR VIAL INTEROCEÁNICO SUR PERÚ -BRASIL, TRAMO 1: MARCONA - URCOS;SURVIAL S.A.;Número de Llamadas de Emergencia;233;2,182;
2019;12;CORREDOR VIAL INTEROCEÁNICO SUR PERÚ -BRASIL, TRAMO 2 : URCOS-INAMBARI;CONCESIONARIA INTEROCEANICA SUR - TRAMO 2 S.A.;Número de Asistencias Mecánicas;52;435;
2019;12;CORREDOR VIAL INTEROCEÁNICO SUR PERÚ -BRASIL, TRAMO 2 : URCOS-INAMBARI;CONCESIONARIA INTEROCEANICA SUR - TRAMO 2 S.A.;Número de Asistencias Médicas;0;0;
2019;12;CORREDOR VIAL INTEROCEÁNICO SUR PERÚ -BRASIL, TRAMO 2 : URCOS-INAMBARI;CONCESIONARIA INTEROCEANICA SUR - TRAMO 2 S.A.;Número de Llamadas de Emergencia;74;762;
2019;12;CORREDOR VIAL INTEROCEÁNICO SUR PERÚ -BRASIL, TRAMO 3: INAMBARI-IÑAPARI;CONCESIONARIA INTEROCEANICA SUR - TRAMO 3 S.A.;Número de Asistencias Mecánicas;105;1,087;
2019;12;CORREDOR VIAL INTEROCEÁNICO SUR PERÚ -BRASIL, TRAMO 3: INAMBARI-IÑAPARI;CONCESIONARIA INTEROCEANICA SUR - TRAMO 3 S.A.;Número de Asistencias Médicas;12;30;
2019;12;CORREDOR VIAL INTEROCEÁNICO SUR PERÚ -BRASIL, TRAMO 3: INAMBARI-IÑAPARI;CONCESIONARIA INTEROCEANICA SUR - TRAMO 3 S.A.;Número de Llamadas de Emergencia;110;1,295;
2019;12;CORREDOR VIAL INTEROCEÁNICO SUR PERÚ -BRASIL, TRAMO 4: AZÁNGARO-INAMBARI;INTERSUR CONCESIONES S.A.;Número de Asistencias Mecánicas;56;644;
2019;12;CORREDOR VIAL INTEROCEÁNICO SUR PERÚ -BRASIL, TRAMO 4: AZÁNGARO-INAMBARI;INTERSUR CONCESIONES S.A.;Número de Asistencias Médicas;0;0;
2019;12;CORREDOR VIAL INTEROCEÁNICO SUR PERÚ -BRASIL, TRAMO 4: AZÁNGARO-INAMBARI;INTERSUR CONCESIONES S.A.;Número de Llamadas de Emergencia;91;1,832;
2019;12;CORREDOR VIAL INTEROCEÁNICO SUR PERÚ -BRASIL, TRAMO 5: ILO, MATARANI - AZANGARO;CONCESIONARIA VIAL DEL SUR S.A.;Número de Asistencias Mecánicas;194;2,319;
2019;12;CORREDOR VIAL INTEROCEÁNICO SUR PERÚ -BRASIL, TRAMO 5: ILO, MATARANI - AZANGARO;CONCESIONARIA VIAL DEL SUR S.A.;Número de Asistencias Médicas;0;0;
2019;12;CORREDOR VIAL INTEROCEÁNICO SUR PERÚ -BRASIL, TRAMO 5: ILO, MATARANI - AZANGARO;CONCESIONARIA VIAL DEL SUR S.A.;Número de Llamadas de Emergencia;196;2,373;
2019;12;EJE MULTIMODAL DEL AMAZONAS NORTE: TRAMO YURIMAGUAS - TARAPOTO - RIOJA - CORRAL QUEMADO - OLMOS - PIURA - PAITA;CONCESIONARIA IIRSA NORTE S.A.;Número de Asistencias Mecánicas;297;3,004;
2019;12;EJE MULTIMODAL DEL AMAZONAS NORTE: TRAMO YURIMAGUAS - TARAPOTO - RIOJA - CORRAL QUEMADO - OLMOS - PIURA - PAITA;CONCESIONARIA IIRSA NORTE S.A.;Número de Asistencias Médicas;0;0;
2019;12;EJE MULTIMODAL DEL AMAZONAS NORTE: TRAMO YURIMAGUAS - TARAPOTO - RIOJA - CORRAL QUEMADO - OLMOS - PIURA - PAITA;CONCESIONARIA IIRSA NORTE S.A.;Número de Llamadas de Emergencia;431;4,995;
2019;12;EMPALME 1B - BUENOS AIRES - CANCHAQUE;CONCESIÓN CANCHAQUE S.A.C;Número de Asistencias Mecánicas;19;199;
2019;12;EMPALME 1B - BUENOS AIRES - CANCHAQUE;CONCESIÓN CANCHAQUE S.A.C;Número de Asistencias Médicas;0;0;
2019;12;EMPALME 1B - BUENOS AIRES - CANCHAQUE;CONCESIÓN CANCHAQUE S.A.C;Número de Llamadas de Emergencia;21;236;
2019;12;IIRSA CENTRO,TRAMO 2: PUENTE RICARDO PALMA - LA OROYA - HUANCAYO - DV CERRO DE PASCO;DESARROLLO VIAL DE LOS ANDES S.A.C.;Número de Asistencias Mecánicas;654;7,276;
2019;12;IIRSA CENTRO,TRAMO 2: PUENTE RICARDO PALMA - LA OROYA - HUANCAYO - DV CERRO DE PASCO;DESARROLLO VIAL DE LOS ANDES S.A.C.;Número de Asistencias Médicas;69;686;
2019;12;IIRSA CENTRO,TRAMO 2: PUENTE RICARDO PALMA - LA OROYA - HUANCAYO - DV CERRO DE PASCO;DESARROLLO VIAL DE LOS ANDES S.A.C.;Número de Llamadas de Emergencia;686;7,633;
2019;12;LONGITUDINAL DE LA SIERRA TRAMO 2: CIUDAD DE DIOS-CAJAMARCA-CHIPLE, CAJAMARCA-TRUJILLO Y DV. CHILETE-EMP. PE-3N1;CONCESIONARIA VIAL SIERRA NORTE S.A.;Número de Asistencias Mecánicas;118;846;
2019;12;LONGITUDINAL DE LA SIERRA TRAMO 2: CIUDAD DE DIOS-CAJAMARCA-CHIPLE, CAJAMARCA-TRUJILLO Y DV. CHILETE-EMP. PE-3N1;CONCESIONARIA VIAL SIERRA NORTE S.A.;Número de Asistencias Médicas;3;68;
2019;12;LONGITUDINAL DE LA SIERRA TRAMO 2: CIUDAD DE DIOS-CAJAMARCA-CHIPLE, CAJAMARCA-TRUJILLO Y DV. CHILETE-EMP. PE-3N1;CONCESIONARIA VIAL SIERRA NORTE S.A.;Número de Llamadas de Emergencia;410;410;
2019;12;RED VIAL N° 4: TRAMOS VIALES PATIVILCA - SANTA - TRUJILLO Y PUERTO SALAVERRY - EMPALME R01N;AUTOPISTA DEL NORTE S.A.C.;Número de Asistencias Mecánicas;281;2,845;
2019;12;RED VIAL N° 4: TRAMOS VIALES PATIVILCA - SANTA - TRUJILLO Y PUERTO SALAVERRY - EMPALME R01N;AUTOPISTA DEL NORTE S.A.C.;Número de Asistencias Médicas;56;380;
2019;12;RED VIAL N° 4: TRAMOS VIALES PATIVILCA - SANTA - TRUJILLO Y PUERTO SALAVERRY - EMPALME R01N;AUTOPISTA DEL NORTE S.A.C.;Número de Llamadas de Emergencia;339;3,394;
2019;12;RED VIAL Nº 5: TRAMO ANCÓN-HUACHO-PATIVILCA;NORVIAL S.A.;Número de Asistencias Mecánicas;1,016;10,589;
2019;12;RED VIAL Nº 5: TRAMO ANCÓN-HUACHO-PATIVILCA;NORVIAL S.A.;Número de Asistencias Médicas;130;1,352;
2019;12;RED VIAL Nº 5: TRAMO ANCÓN-HUACHO-PATIVILCA;NORVIAL S.A.;Número de Llamadas de Emergencia;1,218;12,932;
2019;12;RED VIAL 6: TRAMO VIAL PUENTE PUCUSANA - CERRO AZUL - ICA;CONCESIONARIA VIAL DEL PERÚ S.A.;Número de Asistencias Mecánicas;698;6,927;
2019;12;RED VIAL 6: TRAMO VIAL PUENTE PUCUSANA - CERRO AZUL - ICA;CONCESIONARIA VIAL DEL PERÚ S.A.;Número de Asistencias Médicas;91;844;
2019;12;RED VIAL 6: TRAMO VIAL PUENTE PUCUSANA - CERRO AZUL - ICA;CONCESIONARIA VIAL DEL PERÚ S.A.;Número de Llamadas de Emergencia;698;6,927;
2019;12;TRAMO VIAL - NUEVO MOCUPE - CAYALTÍ - OYOTÚN;OBRAINSA CONCESIÓN VALLE DEL ZAÑA S.A.;Número de Asistencias Mecánicas;0;0;
2019;12;TRAMO VIAL - NUEVO MOCUPE - CAYALTÍ - OYOTÚN;OBRAINSA CONCESIÓN VALLE DEL ZAÑA S.A.;Número de Asistencias Médicas;0;0;
2019;12;TRAMO VIAL - NUEVO MOCUPE - CAYALTÍ - OYOTÚN;OBRAINSA CONCESIÓN VALLE DEL ZAÑA S.A.;Número de Llamadas de Emergencia;0;0;
2019;12;TRAMO VIAL - OVALO CHANCAY - HUARAL - ACOS;CONSORCIO CONCESIÓN CHANCAY - ACOS S.A.;Número de Asistencias Mecánicas;23;310;
2019;12;TRAMO VIAL - OVALO CHANCAY - HUARAL - ACOS;CONSORCIO CONCESIÓN CHANCAY - ACOS S.A.;Número de Asistencias Médicas;1;5;
2019;12;TRAMO VIAL - OVALO CHANCAY - HUARAL - ACOS;CONSORCIO CONCESIÓN CHANCAY - ACOS S.A.;Número de Llamadas de Emergencia;24;315;
2019;12;TRAMO VIAL DESVÍO QUILCA - DESVÍO AREQUIPA (REPARTICIÓN) - DESVÍO MATARANI - DESVÍO MOQUEGUA - DESVÍO ILO - TACNA - LA CONCORDIA;CONCESIONARIA PERUANA DE VÍAS - COVINCA S.A.;Número de Asistencias Mecánicas;0;0;
2019;12;TRAMO VIAL DESVÍO QUILCA - DESVÍO AREQUIPA (REPARTICIÓN) - DESVÍO MATARANI - DESVÍO MOQUEGUA - DESVÍO ILO - TACNA - LA CONCORDIA;CONCESIONARIA PERUANA DE VÍAS - COVINCA S.A.;Número de Asistencias Médicas;0;0;
2019;12;TRAMO VIAL DESVÍO QUILCA - DESVÍO AREQUIPA (REPARTICIÓN) - DESVÍO MATARANI - DESVÍO MOQUEGUA - DESVÍO ILO - TACNA - LA CONCORDIA;CONCESIONARIA PERUANA DE VÍAS - COVINCA S.A.;Número de Llamadas de Emergencia;0;0;
