Ubigeo;Fecha-Actualizacion;Departamento;Provincia;Distrito;Ruc;Proveedor;Modalidad;DomicilioLegal;CorreoElectronico;Telefono
10201;2021-03-12;AMAZONAS;BAGUA;BAGUA;10167637316;CONSORCIO ALIMENTOS BAGUA;PRODUCTOS;JR. 28 DE JULIO S/N C-02 SECTOR EL TOMAQUE.;consorcioalimentosbagua@gmail.com;
10201;2021-03-12;AMAZONAS;BAGUA;BAGUA;10412710156;DELGADO OLANO MARIBEL ROXANA;PRODUCTOS;Jirón La Libertad N° 217;roxana.del@hotmail.com;
10201;2021-03-12;AMAZONAS;BAGUA;BAGUA;10427262923;CONSORCIO AMAZONAS;PRODUCTOS;JR. TUMBES N° 288;emontezafarro@gmail.com;
10701;2021-03-12;AMAZONAS;UTCUBAMBA;BAGUA GRANDE;20493681274;INDUSTRIAS ALIMENTARIAS SAN JUAN S.A.C.;PRODUCTOS;JR LIMA N°440 MZ E-2 LT3-SEC. LA ESPERANZA;corporativo@indusanperu.com;14609146
10702;2021-03-12;AMAZONAS;UTCUBAMBA;CAJARURO;20561337633;JOSFRANC SOCIEDAD ANONIMA CERRADA;PRODUCTOS;JR. COMERCIO 318;JOSFRANCSAC@HOTMAIL.COM;41263102
20101;2021-03-12;ANCASH;HUARAZ;HUARAZ;20601727812;ALIMENTOS ANDINOS DERIVADOS S.R.L.;PRODUCTOS;BAR. PEDREGAL ALTO MZA. 204 LOTE. 10 A A ESPALDAS DE LA PISCINA TEMPERADA;andinosyderivados@hotmail.com;
20101;2021-03-12;ANCASH;HUARAZ;HUARAZ;20602437184;CONSORCIO SALINAS;PRODUCTOS;PROLONGACIÓN  SIMON BOLIVAR N° 241-VILLON ALTO;grupoindustrialsalinas@gmail.com;43221948
20105;2021-03-12;ANCASH;HUARAZ;INDEPENDENCIA;20488316649;EL CONDOR HUARAZ S.R.L.;PRODUCTOS;AV. CONFRATERNIDAD INTERNACIONAL ESTE MZA. 52 LOTE. 11 (PASAJE LAS CAMPANILLAS) ;elcondorhuarazsrl@hotmail.com;
21701;2021-03-12;ANCASH;RECUAY;RECUAY;20602570976;MACLO INVESTMENT S.R.L.;PRODUCTOS;Via Pativilca Huaraz Km 551 ;consorciomaclo@hotmail.com;954628382
21801;2021-03-12;ANCASH;SANTA;CHIMBOTE;20531743700;CONSORCIO MOVA;PRODUCTOS;Calle Ramón Castilla Mz “O” lote 10 –A.H. Esperanza Baja;tq21sac@gmail.com;-
21801;2021-03-12;ANCASH;SANTA;CHIMBOTE;20531929471;INVERSIONES Y SERVICIOS SANVEL S.A.C.;PRODUCTOS;PJE. Micaela Bastidas Mz. 10 Lt. 03 Urb. El Carmen;meco580901@gmail.com;
21809;2021-03-12;ANCASH;SANTA;NUEVO CHIMBOTE;10769076471;CONSORCIO SAN GABRIEL;PRODUCTOS;URB. NICOLAS GARATEA MZ.84 LT 47-48-49 II ETAPA;Ciencias.Jack@gmail.com;
22003;2021-03-12;ANCASH;YUNGAY;MANCOS;20600036379;CORPORACION OH!DELIS S.A.C.;PRODUCTOS;CAL. TISHTEC S/N CAS. TISHTEC;CORPORACION.OH.DELIS@GMAIL.COM;43221948
30101;2021-03-12;APURIMAC;ABANCAY;ABANCAY;20526937563;CONSORCIO RENACER;PRODUCTOS;JR LOS CLAVELES NRO. SN;industriarenacer@gmail.com;
30109;2021-03-12;APURIMAC;ABANCAY;TAMBURCO;20491001241;GRUPO COVA SOCIEDAD COMERCIAL DE RESPONSABILIDAD LIMITADA - GRUPO COVA SRL.;PRODUCTOS;URB. JUAN PABLO II D 19;grupocova@gmail.com;
30109;2021-03-12;APURIMAC;ABANCAY;TAMBURCO;20527998302;CONSORCIO EL SALVADOR;PRODUCTOS;AV. MICAELA BASTIDAS N° 109;alpesa20@gmail.com;
30109;2021-03-12;APURIMAC;ABANCAY;TAMBURCO;20564519431;PROBISAP S.R.L.;PRODUCTOS;AV. MICAELA BASTIDAS S/N;probisap@gmail.com;983989888
30109;2021-03-12;APURIMAC;ABANCAY;TAMBURCO;20601093163;TAMBO GRANDE S.A.C;PRODUCTOS;Av. Nestor Peña N° 399;alan@tambogrande.pe;0
30201;2021-03-12;APURIMAC;ANDAHUAYLAS;ANDAHUAYLAS;20365808016;CORPORACION DE PRODUCTOS ALIMENTICIOS ENRIQUECIDOS SOCIEDAD COMERCIAL DE RESPONSABILIDAD LIMITADA;PRODUCTOS;Av. Confraternidad 1203;rserna@corpalen.com;4800171
30201;2021-03-12;APURIMAC;ANDAHUAYLAS;ANDAHUAYLAS;20490599496;CONSORCIO ROLIT;PRODUCTOS; JR. ALFONSO UGARTE N° 271;ciarolitsac@gmail.com;
30216;2021-03-12;APURIMAC;ANDAHUAYLAS;TALAVERA;10427558491;TORRES SILVA NILTON;PRODUCTOS;AV. 28 DE JULIO N° 613;inversionestorressac@gmail.com;
30216;2021-03-12;APURIMAC;ANDAHUAYLAS;TALAVERA;20563865998;CONSORCIO MILAN SAC;PRODUCTOS;Jr. Sucre N° 233;corporacionperuanasanmiguelsac@gmail.com;-
30216;2021-03-12;APURIMAC;ANDAHUAYLAS;TALAVERA;20602883117;CONSORCIO MAV;PRODUCTOS;JR. APURIMAC N° 460;consorciomav21@gmail.com;83424005
40102;2021-03-12;AREQUIPA;AREQUIPA;ALTO SELVA ALEGRE;20456247815;ALIMENTOS NATURALES DEL SUR S.A.C.;PRODUCTOS;MZA. M LOTE. 12 COO. ANDRES AVELINO CACERES ;alinsur.sac@gmail.com;
40109;2021-03-12;AREQUIPA;AREQUIPA;MARIANO MELGAR;20454568207;ALIMENTO PROCESADO INSTANTANEO S.A.C.;PRODUCTOS;CALLE NICOLAS DE PIEROLA N° 832;logistica@alproin.com;54454163
40112;2021-03-12;AREQUIPA;AREQUIPA;PAUCARPATA;10308615044;VERA AMAO IVETTE KATHERINE;PRODUCTOS;AV. LIBERTAD 516 URB. JORGE CHAVEZ;ivetteveraa@hotmail.com;54463163
40117;2021-03-12;AREQUIPA;AREQUIPA;SACHACA;20100226902;ALIMENTOS PROCESADOS SA;PRODUCTOS;CAL. AGUSTO PEREZ ARANIBAR NRO. SN (KILOMETRO 1.5 VARIANTE DE UCHUMAYO;jlatorre@alprosa.pe;54602700
50101;2021-03-12;AYACUCHO;HUAMANGA;AYACUCHO;10702077023;CONSORCIO CHASKA;PRODUCTOS;ASOC. PRO VIVIENDA LAS DUNAS MZ “B” LOTE “10”;consorciochaska@gmail.com;
50101;2021-03-12;AYACUCHO;HUAMANGA;AYACUCHO;20534236710;CONSORCIO AYACUCHO PERU;PRODUCTOS;AA. HH COVADONGA MZ A2 LT 10;damianperezcueva4@gmail.com;66636606
50101;2021-03-12;AYACUCHO;HUAMANGA;AYACUCHO;20601723043;CONSORCIO SAN ANTONIO DE PADUA;PRODUCTOS;AV. 09 DE DICIEMBRE 244;corporacionsanantoniopadua@gmail.com;66304274
50105;2021-03-12;AYACUCHO;HUAMANGA;CHIARA;20602673775;GRANOS ALTOANDINOS H Y D S.A.C.;PRODUCTOS;C.P.SECCHAPAMPA S/N;tenoriocancharihector@gmail.com;993959760
50110;2021-03-12;AYACUCHO;HUAMANGA;SAN JUAN BAUTISTA;20601710316;CONSORCIO DEL VALLE;PRODUCTOS;JR PROCERES Nº 240;creaalimentossac@hotmail.com;966975124
50115;2021-03-12;AYACUCHO;HUAMANGA;JESUS NAZARENO;10282982469;CONSORCIO S & R;PRODUCTOS;JR. GERVACIO ALVAREZ NRO. 282 URB. SANTA BERTHA;joelsuarezcuadros@hotmail.com;0
50115;2021-03-12;AYACUCHO;HUAMANGA;JESUS NAZARENO;20602541933;CONSORCIO AGROINDUSTRIALES DE AYACUCHO;PRODUCTOS;ASOC INTI RAYMI MZ K LOTE 01;corpomigue_01@hotmail.com;
50401;2021-03-12;AYACUCHO;HUANTA;HUANTA;10084684533;CONSORCIO ESMERALDA;PRODUCTOS;Jr, Salvador Cavero N° 465, distrito HUANTA, provincia HUANTA, departamento AYACUCHO;nvillantoy1@hotmail.com;999935083
50401;2021-03-12;AYACUCHO;HUANTA;HUANTA;10286029642;RUIZ CHAVEZ CAROLINA;PRODUCTOS;JR. 22 DE JUNIO N° 444, distrito HUANTA, provincia HUANTA, departamento AYACUCHO;carolinaruizchavez11@gmail.com;66282274
50401;2021-03-12;AYACUCHO;HUANTA;HUANTA;20494978653;CONSORCIO ALIMENTOS OROPESA;PRODUCTOS;JR. VICTOR FAJARDO N° 275;erivashuaman5@gmail.com;
60101;2021-03-12;CAJAMARCA;CAJAMARCA;CAJAMARCA;10426055983;CONSORCIO LA PACCHA;PRODUCTOS; PROLONGACION LA PAZ 409 SECTOR 23 PACCHA;piano2508@hotmail.com;
60101;2021-03-12;CAJAMARCA;CAJAMARCA;CAJAMARCA;20570539095;L & T SERVICIOS INTEGRALES S.A.C.;PRODUCTOS;JR. JUAN BEATO MASÍAS 1522;rodriguezpradocarlos@gmail.com;620733
60101;2021-03-12;CAJAMARCA;CAJAMARCA;CAJAMARCA;20601097029;CONSORCIO DIVINO MAESTRO;PRODUCTOS;Av. vía de Evitamiento Sur N° 513-B ;megariver29@gmail.com;76340311
60101;2021-03-12;CAJAMARCA;CAJAMARCA;CAJAMARCA;20601578655;PERUVIAN CORPORATION IZA & R S.A.C.;PRODUCTOS;AV. TUPAC AMARU NRO. 1661 BAR. MOLLEPAMPA ;izayanita2009@hotmail.com;976827676
60101;2021-03-12;CAJAMARCA;CAJAMARCA;CAJAMARCA;20601737362;CONSORCIO PADRE ETERNO;PRODUCTOS; JR. MARIANO MELGAR 419 BARRIO LA COLMENA;padre.eterno092@gmail.com;76604026
60101;2021-03-12;CAJAMARCA;CAJAMARCA;CAJAMARCA;20602567100;CONSORCIO D&M;PRODUCTOS;AV. 13 DE JULIO 777A BAR. CHONTAPACCHA;dym.inversioneseirl@gmail.com;76288466
60101;2021-03-12;CAJAMARCA;CAJAMARCA;CAJAMARCA;20603109113;CONSORCIO AMANCAY3;PRODUCTOS;URB. HORACIO ZEVALLOS/ JR. MANUEL GONZALES #129;aguilera3ljl@gmail.com;949799127
60101;2021-03-12;CAJAMARCA;CAJAMARCA;CAJAMARCA;20603535040;CONSORCIO IKIGAI;PRODUCTOS; JR. LOS NOGALES N°374;consorcioikigai@gmail.com;76261042
60111;2021-03-12;CAJAMARCA;CAJAMARCA;NAMORA;10426055983;CONSORCIO NORPERUANO;PRODUCTOS;MZ A, CASERIO CASA BLANCA;piano2508@hotmail.com;
60801;2021-03-12;CAJAMARCA;JAEN;JAEN;10278495723;CONSORCIO SANTA ROSA;PRODUCTOS;Jr. ABRAHAM VALDELOMAR N°185-JAEN;horacioramirez8@hotmail.com;76785156
60801;2021-03-12;CAJAMARCA;JAEN;JAEN;20479761974;CONSORCIO TPS;PRODUCTOS;CALLE VISTA ALEGRE N° 111;arpermigaeirl@gmail.com;76269663
60801;2021-03-12;CAJAMARCA;JAEN;JAEN;20480099568;W & C SAN JUAN ALMACENES S.A.C.;PRODUCTOS;AV.PAKAMUROS KM.20 SECTOR PUEBLO LIBRE JAEN(COSTADO DE MOLINO LOS ANGELES);yennygonzalezs@wcsanjuanalmacenes.com;-
60801;2021-03-12;CAJAMARCA;JAEN;JAEN;20570691806;G & V GESTION Y PROVISION DE ALIMENTOS EIRL;PRODUCTOS;CALLE MARIANO MELGAR 305;administracion@grupovasquez.com.pe;
60801;2021-03-12;CAJAMARCA;JAEN;JAEN;20603690916;CONSORCIO NEWGUER E.I.R.L.;PRODUCTOS;CALLE SAN ANTONIO N° 291 URB. VILLA MARIA;newguereirl@gmail.com;978998920
60905;2021-03-12;CAJAMARCA;SAN IGNACIO;NAMBALLE;20603717393;CONSORCIO LA FRONTERA;PRODUCTOS;AV. BINACIONAL S/N, NAMBALLE;mily_rj_mk@hotmail.com;952029138
80101;2021-03-12;CUSCO;CUSCO;CUSCO;20602905617;CONSORCIO ANDINO;PRODUCTOS;AV. Oswaldo Baca N°306 DPTO 401 URB. Magisterio;com.alimentos.sac@gmail.com;-
80104;2021-03-12;CUSCO;CUSCO;SAN JERONIMO;20602034519;EMPRESA CCORIMANYA ESCALANTE COMPANY EMPRESA INDIVIDUAL DE RESPONSABILIDAD LIMITADA-CCORESCO E.I.R.L;PRODUCTOS;FRACCION NRO. 5 SEC. LLOCLLAPATA ;ccoresco.ventas@gmail.com;
80108;2021-03-12;CUSCO;CUSCO;WANCHAQ;20602666850;CORPORACION INCAWALK S.A.C.;PRODUCTOS;URB. LA FLORIDA, PJE LOS KANTUS C-21;kkcorilazo@hotmail.com;84606650
80601;2021-03-12;CUSCO;CANCHIS;SICUANI;20490119893;AGROINDUSTRIAS NUTRIFORT EMPRESA INDIVIDUAL DE RESPONSABILIDAD LIMITADA;PRODUCTOS;PJ.NICOLAS DE PIEROLA N° 178;karmin2083@gmail.com;-
80601;2021-03-12;CUSCO;CANCHIS;SICUANI;20600838220;CONSORCIO CASA BLANCA;PRODUCTOS;Av. Confederación Nº 345.;grupocasablancacc@gmail.com;
100101;2021-03-12;HUANUCO;HUANUCO;HUANUCO;20573190549;CONSORCIO EL VALLE;PRODUCTOS;JR. LEONCIO PRADO 1708;inversionescalima.eirl@gmail.com;62281911
100101;2021-03-12;HUANUCO;HUANUCO;HUANUCO;20573259336;CONSORCIO GABRIEL;PRODUCTOS;PJ. AYANCOCHA N° 185;luis.davila.vivar.25@gmail.com;
100101;2021-03-12;HUANUCO;HUANUCO;HUANUCO;20601720494;GRUPO J Y M ALIMENTOS EMPRESA INDIVIDUAL DE RESPONSABILIDAD LIMITADA;PRODUCTOS;JR. HUALLAYCO N°1536 ;jhonsg@hotmail.com;
100101;2021-03-12;HUANUCO;HUANUCO;HUANUCO;20602032320;CONSORCIO LA DESPENSA;PRODUCTOS; JR. 28 DE JULIO NRO. 1127 HUANUCO;inversionesproalmeqsac2020@hotmail.com;
100102;2021-03-12;HUANUCO;HUANUCO;AMARILIS;10224893146;CONSORCIO TOMAY KICHWA;PRODUCTOS;Jr. Yarowilca N° 118;consorciohonoria@gmail.com;-
100102;2021-03-12;HUANUCO;HUANUCO;AMARILIS;10461841908;CONSORCIO INTER REGIONAL;PRODUCTOS;AVENIDA INTER REGIONAL PASAJE LIMA MZA A LOTE 1;rosfm2020@gmail.com;-
100102;2021-03-12;HUANUCO;HUANUCO;AMARILIS;10708116306;CONSORCIO EL TREBOL;PRODUCTOS;URB. SANTA ELENA MZ. C LOTE 11 (SEGUNDA ENTRADA DE FONAVI II);consorcio.eltrebol@hotmail.com;-
100102;2021-03-12;HUANUCO;HUANUCO;AMARILIS;20601594383;CONSORCIO NAZARENO;PRODUCTOS;BQ SANTA MARIA DEL HUALLAGA LOTE 10 URB. SANTA MARIA DEL HUALLAGA (COSTADO RECREO MISTIKA);distribucionesbrylat@hotmail.com;62637253
100102;2021-03-12;HUANUCO;HUANUCO;AMARILIS;20601594383;DISTRIBUCIONES BRYLAT EMPRESA INDIVIDUAL DE RESPONSABILIDAD LIMITADA;PRODUCTOS;BQ SANTA MARIA DEL HUALLAGA LOTE. 10 URB. SANTA MARIA DEL HUALLAGA;distribucionesbrylat@hotmail.com;62637253
100102;2021-03-12;HUANUCO;HUANUCO;AMARILIS;20603139136;CONSORCIO SAN EXPEDITO;PRODUCTOS;JR. LOS TULIPANES 551 URB. PAUCARBAMBILLA AL FRENTE DEL 1ER PARQUE PAUCARBAMBILLA.;tormonqualitygroup2020@gmail.com;
100111;2021-03-12;HUANUCO;HUANUCO;PILLCO MARCA;10471658494;CONSORCIO R&S;PRODUCTOS;JR. LOS ALAMOS N°285 URB. CAYHUAYNA BAJA;molipan2006@hotmail.com;
100111;2021-03-12;HUANUCO;HUANUCO;PILLCO MARCA;20600972694;KANTASY GROUP S.A.C.;PRODUCTOS;JR. LOS PINOS NRO. S/N ;grupokantasy@hotmail.com;-
100601;2021-03-12;HUANUCO;LEONCIO PRADO;RUPA-RUPA;10229610053;JARA HARO BIRZAVIT;PRODUCTOS;JR. PUCALLPA N°235;birzavit.jara@hotmail.com;
110101;2021-03-12;ICA;ICA;ICA;10102239003;CONSORCIO ALIMENTOS B Y D;PRODUCTOS;CALLE COMERCIAL MZ. L LOTE 4 - RESIDENCIAL LA ANGOSTURA;evelynbl@hotmail.com;-
110206;2021-03-12;ICA;CHINCHA;GROCIO PRADO;10218353130;CONSORCIO TASAYCO;PRODUCTOS;BAR EL PORVENIR;genaro.tasayco1@gmail.com;
110501;2021-03-12;ICA;PISCO;PISCO;20494297117;CONSORCIO PISCO;PRODUCTOS;URB.LOTIZACION URBANA SANTA ROSA MZ I LOTE 15;inversionesadrianaeirl@hotmail.com;56530779
110508;2021-03-12;ICA;PISCO;TUPAC AMARU INCA;10448676345;CONSORCIO F Y M PISCO;PRODUCTOS;CALLE ATAHUALPA MZ. 40 LOTE 2;fernandocadilloica@hotmail.com;
120101;2021-03-12;JUNIN;HUANCAYO;HUANCAYO;20601545633;CORPORACION ALIMENTARIA HUANCAVELICA S.A.C.;PRODUCTOS;JR. GARCILAZO DE LA VEGA N° 275;robinsoncomun@proalfa.pe;
120107;2021-03-12;JUNIN;HUANCAYO;CHILCA;10201085344;LUNA ESCOBAR MIGUEL RUBEN;PRODUCTOS;Jirón Amazonas N 175;mige1977@hotmail.com;
120107;2021-03-12;JUNIN;HUANCAYO;CHILCA;20601725054;CONSORCIO NEGODAI;PRODUCTOS;CALLE REAL N° 2345;inversionesayhsrl@gmail.com;
120114;2021-03-12;JUNIN;HUANCAYO;EL TAMBO;10435532506;CASTRO YANGALI EDUARDO MACOTT;PRODUCTOS;PROLONGACION LIBERTAD N° 2760;mjgagom@gmail.com;-
120114;2021-03-12;JUNIN;HUANCAYO;EL TAMBO;20602636659;CONSORCIO MATEUS;PRODUCTOS;JIRON PIURA MZ. 22A LOTE 8 AA.HH. LA VICTORIA;doliksasrl@gmail.com;64245392
120125;2021-03-12;JUNIN;HUANCAYO;PILCOMAYO;20601784492;CONSORCIO MI CILITA;PRODUCTOS;AV. CORONEL PARRA  S/N ;produccioneswilqui@gmail.com;
120601;2021-03-12;JUNIN;SATIPO;SATIPO;20602681387;CADISEL SOCIEDAD ANONIMA CERRADA - CADISEL SAC.;PRODUCTOS;CARRETERA MARGINAL LA MERCED N° 2438 ;cadisel1234@gmail.com;
130101;2021-03-12;LA LIBERTAD;TRUJILLO;TRUJILLO;20481030227;CONSORCIO ONDAC;PRODUCTOS;CALLE JOAQUIN OLDEMO 249 URB. PALERMO;lacaserita007@gmail.com;938318450
130101;2021-03-12;LA LIBERTAD;TRUJILLO;TRUJILLO;20560170891;CONSORCIO DOEMS;PRODUCTOS;AV. EL EJERCITO 1008 URB. EL MOLINO;doemperu@gmail.com;943758122
130101;2021-03-12;LA LIBERTAD;TRUJILLO;TRUJILLO;20603883366;CONSORCIO MEGALOGISTICA;PRODUCTOS;b. URB. SEMI RUSTICA EL BOSQUE- AV. FEDERICO VILLAREAL MZ. T LT01;yekaeirl@gmail.com;949534091
130101;2021-03-12;LA LIBERTAD;TRUJILLO;TRUJILLO;20603883366;CONSORCIO NTPUMASAC;PRODUCTOS;la URB. SEMI RUSTICA EL BOSQUE- AV. FEDERICO VILLAREAL MZ. T LT01;yekaeirl@gmail.com;949534091
130103;2021-03-12;LA LIBERTAD;TRUJILLO;FLORENCIA DE MORA;20600934580;CORPORACION VIRGEN DE LA NATIVIDAD S.A.C.;PRODUCTOS;CAL.09 DE MAYO NRO. 1517 P.J. FLORENCIA DE MORA;vincorp2021@gmail.com;44571231
130105;2021-03-12;LA LIBERTAD;TRUJILLO;LA ESPERANZA;20482425616;AMERICA ALIMENTOS S.R.L.;PRODUCTOS;JR. BERNARDO OHIGGINS LOTE. 1999 DPTO. A P. J. PUEBLO LIBRE (PARQUE INDOAMERICANO);katherine.callan.serrano@gmail.com;4511683
130105;2021-03-12;LA LIBERTAD;TRUJILLO;LA ESPERANZA;20482425616;CONSORCIO AMERICA ALIMENTOS S.R.L.;PRODUCTOS;JR. BERNARDO OHIGGINS LOTE. 1999 - A;katherine.callan.serrano@gmail.com;4511683
130401;2021-03-12;LA LIBERTAD;CHEPEN;CHEPEN;20539034872;CONSORCIO LA AURORA;PRODUCTOS;MZ. D LOTE 03 PALMA BELLA;agropecuariadelpacifico.eirl@gmail.com;44726738
130401;2021-03-12;LA LIBERTAD;CHEPEN;CHEPEN;20603883668;CONSORCIO MUCHIK;PRODUCTOS;CALLE 01 MZ 5 LT 21 SECT HUANCHAQUITO ALTO;laaurorasac.75@gmail.com;44726738
140101;2021-03-12;LAMBAYEQUE;CHICLAYO;CHICLAYO;10732015596;SANCHEZ MUÑOZ MARIA ALCIRA;PRODUCTOS;CALLE IQUITOS 012 URB QUIÑONES;mariasanchezm161@gmail.com;
140101;2021-03-12;LAMBAYEQUE;CHICLAYO;CHICLAYO;20487710173;DULCEMANIA AUTOSERVICIOS S.R.L.;PRODUCTOS;Av. Luis Gonzales 1432;dulcemania.gerencia@gmail.com;
140106;2021-03-12;LAMBAYEQUE;CHICLAYO;LA VICTORIA;20561108014;KAYA DISTRIBUIDORES S.A.C.;PRODUCTOS;Av. Victor Raul N°1552;cevergel@gmail.com;74325903
140106;2021-03-12;LAMBAYEQUE;CHICLAYO;LA VICTORIA;20570691717;CONSORCIO VICTORIO;PRODUCTOS;CALLE RAUL JIMENEZ CHAVEZ 475;gerencia@grupovasquez.com.pe;74775280
140106;2021-03-12;LAMBAYEQUE;CHICLAYO;LA VICTORIA;20570691717;PRODUCTOS Y SERVICIOS V&A EIRL;PRODUCTOS;CALLE RAUL JIMENEZ CHAVEZ 475;gerencia@grupovasquez.com.pe;74775280
140301;2021-03-12;LAMBAYEQUE;LAMBAYEQUE;LAMBAYEQUE;20487593941;CONSORCIO TROPICAL;PRODUCTOS;CARRETERA PANAMERICANA NORTE KM 778;tropicalworld1@gmail.com;
140311;2021-03-12;LAMBAYEQUE;LAMBAYEQUE;SAN JOSE;20601572568;COMERCIO INDUSTRIA Y SERVICIOS GMV E.I.R.L.;PRODUCTOS;FUNDO SAN MANUEL KM 3-SECTOR LAS PAMPAS;consorciocentrop@gmail.com;74211305
150102;2021-03-12;LIMA;LIMA;ANCON;20600855388;CONSORCIO IZAMM;PRODUCTOS;CAL. LAS TEMPERATURAS MZA. H LOTE. 04 Z.I. PARQUE INDUSTRIAL DE ANCON (A 2DA CUADRA DEL PARQUE INDUSTRIAL) ;Inv.zamm@hotmail.com;
150103;2021-03-12;LIMA;LIMA;ATE;20502503180;NIISA CORPORATION S.A.;PRODUCTOS;AV. LA MAR 568 ASC.LOT.INDUSTRIAL LA MOLINA;corp.niisa.qw@gmail.com;3480624
150103;2021-03-12;LIMA;LIMA;ATE;20555287560;INVERSIONES ROJAS O. SOCIEDAD ANONIMA CERRADA - INVERSIONES ROJAS O. S.A.C.;PRODUCTOS;AV SIMON BOLÍVAR MZ J LOTE 23 - 2DO Y 3ER PISO ASOC. PROP. DEL PARQUE INDUSTRIAL EL ASESOR;rojasfe@inversionesrojas.com;
150103;2021-03-12;LIMA;LIMA;ATE;20601705941;CONSORCIO ENERGY FOODS CORPORATION;PRODUCTOS;CALLE ANKARA MZ E1 , LT 06 URB. LOS PORTALES DE JAVIER PRADO II ETAPA;elfer906_72@hotmail.com;1641513
150106;2021-03-12;LIMA;LIMA;CARABAYLLO;20604827877;CONSORCIO COALPE;PRODUCTOS;n URB. SANTO TOMAS DE CARABAYLLO MZ. L LOTE 20;Grupocoalpe@gmail.com;16874539
150110;2021-03-12;LIMA;LIMA;COMAS;10329791390;CONSORCIO LIMA;PRODUCTOS;CALLE LOS NISPEROS N°151, MZ G-1, LOTE 07, URB LA ALBORADA - II ETAPA;alimentosavq@gmail.com;43602685
150110;2021-03-12;LIMA;LIMA;COMAS;10400376447;CONSORCIO JIMAR;PRODUCTOS; CALLE 3 C MAZ G LOTE 1 URB LA HACIENDA;jimar.gove.2020@gmail.com;15367607
150110;2021-03-12;LIMA;LIMA;COMAS;10402518133;CRUZ JIMENEZ GIOVANA MARIA;PRODUCTOS;AV. 22 DE AGOSTO 996 URB. SANTA LUZMILA II ETAPA;cjgiovanamaria1@gmail.com;6366048
150115;2021-03-12;LIMA;LIMA;LA VICTORIA;10096070263;CONSORCIO WAYRA;PRODUCTOS; AV. PALERMO 588 ;info@wayra.com.pe;
150117;2021-03-12;LIMA;LIMA;LOS OLIVOS;20565424182;CONSORCIO NUTRIWIKAS;PRODUCTOS;JR. AMBAR MZ O LT 2-3 URBANIZACIÓN MARISCAL GAMARRA;industriaswicasaeirl@gmail.com;5213103
150117;2021-03-12;LIMA;LIMA;LOS OLIVOS;20601688965;CONSORCIO COMAS;PRODUCTOS;URB. LOS NARANJOS III ETAPA AV. HUANDOY MZ E3 LOTE 72;consorciocomas6@gmail.com;984770588
150117;2021-03-12;LIMA;LIMA;LOS OLIVOS;20601735751;CONSORCIO ISCA;PRODUCTOS; JIRON LOS CASTAÑOS 1137 URB. COVIDA ETAPA 3 ;gj-trujillo@hotmail.com;-
150117;2021-03-12;LIMA;LIMA;LOS OLIVOS;20602429556;CONSORCIO GJ;PRODUCTOS;JR. CARAZ 912 URB. MERCURIO;gj_corporation@hotmail.com;-
150117;2021-03-12;LIMA;LIMA;LOS OLIVOS;20603432712;ORGANIC FOOD COMPANY E.I.R.L.;PRODUCTOS;JR. SANTA ELENA NRO. 232 - URB. SANTA ANA;organicfoodcompany.eirl@gmail.com;
150117;2021-03-12;LIMA;LIMA;LOS OLIVOS;20605052097;LIGHT FOOD COMPANY SOCIEDAD COMERCIAL DE RESPONSABILIDAD LIMITADA-LIGHT FOOD COMPANY S.R.L.;PRODUCTOS;JR. SANTA ELENA N° 232A - URB. SANTA ANA;lightfoodcompany.srl@gmail.com;-
150118;2021-03-12;LIMA;LIMA;LURIGANCHO;10435532506;CONSORCIO CENTRAL;PRODUCTOS;AV. CIRCUNVALACION MZ. B 2 LOTE 8 URB. LA CAPITANA C.P. SANTA MARIA DE HUACHIPA ;mjgagom@gmail.com;-
150125;2021-03-12;LIMA;LIMA;PUENTE PIEDRA;10753936403;CONSORCIO 3R;PRODUCTOS;CAL. SALVADOR DALIMZ. H-1, LOTE 10, URB. EL ASESOR I;consorcio3r@gmail.com;
150125;2021-03-12;LIMA;LIMA;PUENTE PIEDRA;20486527197;CONSORCIO LAS DELICIAS;PRODUCTOS; CALLE LOS NOGALES 142 URB. SHANGRILA;inalseeirl2020@gmail.com;
150125;2021-03-12;LIMA;LIMA;PUENTE PIEDRA;20554871896;CONSORCIO SOAN;PRODUCTOS;CALLE LOS CEDROS 489 URB. SHANGRILA;soan_agroalimentos@hotmail.com;15575198
150130;2021-03-12;LIMA;LIMA;SAN BORJA;10104772612;LOPEZ MENDOZA MERCY DIANA LISSETTE;PRODUCTOS;AV. SAN BORJA NORTE 1455 DPTO 201;mercydianalissette.2020@hotmail.com;
150132;2021-03-12;LIMA;LIMA;SAN JUAN DE LURIGANCHO;10101160969;CONSORCIO VITAL FOOD;PRODUCTOS;MANZANA C LOTE 03 COOP. AGUAS GASIFICADAS;violetablas21@gmail.com;
150132;2021-03-12;LIMA;LIMA;SAN JUAN DE LURIGANCHO;10410733183;CONSORCIO JB INVERSIONES;PRODUCTOS;COOPERATIVA AGUAS GASIFICADAS MZ. A LOTE 10 - CAMPOY;jblas604@gmail.com;16874539
150132;2021-03-12;LIMA;LIMA;SAN JUAN DE LURIGANCHO;10458305051;CONSORCIO CM INVERSIONES;PRODUCTOS;JR. MIGUEL GRAU 333 COOP. DANIEL ALCIDES CARRIÓN. CAMPOY;castillocamposerika@gmail.com;12700900
150132;2021-03-12;LIMA;LIMA;SAN JUAN DE LURIGANCHO;20601422418;CONSORCIO IDOCOM;PRODUCTOS;MZ. O4 LT. 22 AA.HH. HOSPITAL DEL NIÑO;idomat.services@hotmail.com;3871651
150134;2021-03-12;LIMA;LIMA;SAN LUIS;20602768661;CONSORCIO ATLANTA;PRODUCTOS;AV. DEL AIRE N° 1015 DEPARTAMENTO 304 RESIDENCIAL CONDOMINIO DEL AIRE - EDIFICIO F3;atlantasociados@gmail.com;
150135;2021-03-12;LIMA;LIMA;SAN MARTIN DE PORRES;10038730008;CONSORCIO CRISTO REY;PRODUCTOS;T.GADEA 166 URB. S. GERMAN II MZ.H LT. 38;consorciocristorey1@gmail.com;16542713
150135;2021-03-12;LIMA;LIMA;SAN MARTIN DE PORRES;10419568959;CONSORCIO MYZ;PRODUCTOS;AV. TOMAS VALLE 2047 - URB. SAN PEDRO DE GARAGAY;consorciomyz@gmail.com;961109139
150135;2021-03-12;LIMA;LIMA;SAN MARTIN DE PORRES;10708571445;CONSORCIO THANIA;PRODUCTOS;Jr Santa Isabel Mz D Lt 40 Urb San diego;kareena_1724@hotmail.com;4979109
150135;2021-03-12;LIMA;LIMA;SAN MARTIN DE PORRES;10758535300;CONSORCIO NUTRIFAR 2;PRODUCTOS;PROGRAMA DE VIVIENDA LA RIVIERA, MANZANA A, LOTE 1;fdyarleque@gmail.com;
150135;2021-03-12;LIMA;LIMA;SAN MARTIN DE PORRES;10761822387;CONSORCIO QUALITY COMPANY;PRODUCTOS;Calle El Olivar Mz D Lt 3 Cooperativa Virgen de Fatima;cespedesbaconfernando@gmail.com;17641513
150135;2021-03-12;LIMA;LIMA;SAN MARTIN DE PORRES;20450575934;CONSORCIO SUAREZ;PRODUCTOS;AV. TOMAS VALLE N° 2045 URB. SAN PEDRO DE GARAGAY;suarezconsorcio@hotmail.com;15389143
150135;2021-03-12;LIMA;LIMA;SAN MARTIN DE PORRES;20503516455;PALOMA NIDITO DE AMOR E.I.R.L.;PRODUCTOS;"AV. HUANDOY (ANTES PROCERES) MZ 205 LT 35 P.J.P.M.V ""CONFRATERNIDAD""(AA.HH. SAN MARTIN DE PORRES)";nidito_14@hotmail.com;5284725
150135;2021-03-12;LIMA;LIMA;SAN MARTIN DE PORRES;20521948222;BROT PERU E.I.R.L.;PRODUCTOS;JR MELCHOR CUMPA MZ H LT 34 URB.COOP. LA UNION;brotperu@gmail.com;
150135;2021-03-12;LIMA;LIMA;SAN MARTIN DE PORRES;20600024290;INDUSTRIA DE ALIMENTOS ALE E.I.R.L.;PRODUCTOS;AV. BELAUNDE MZ E-01 LT 54 APV LOS LIBERTADORES;idaleirl@hotmail.com;4001918
150135;2021-03-12;LIMA;LIMA;SAN MARTIN DE PORRES;20602454356;CONSORCIO NUTRIFAR 1;PRODUCTOS;CALLE LOS CEDROS 489 URB. SHANGRILA;central@nutrifar.org;989011111
150137;2021-03-12;LIMA;LIMA;SANTA ANITA;20600414128;SDH SEÑOR DE HUANCA SOCIEDAD ANONIMA CERRADA;PRODUCTOS;CAL. SALVADOR DALI MZ. H-1, LOTE 10, URB. EL ASESOR I;sdhlogistico@gmail.com;13546607
150507;2021-03-12;LIMA;CAÑETE;IMPERIAL;20600470028;CONSORCIO ARBOL AZUL;PRODUCTOS; JR. SUCRE 510;arbolazuleirl@gmail.com;15897379
160101;2021-03-12;LORETO;MAYNAS;IQUITOS;20600058577;SERVICIOS E INVERSIONES LIVA E.I.R.L.;PRODUCTOS;PJ Angel Brusco N° 135;consorciosmp.pnae@gmail.com;65252162
160108;2021-03-12;LORETO;MAYNAS;PUNCHANA;20603838859;CONSORCIO ORIENT MARK;PRODUCTOS;Calle Cahuide N° 589;orientmarksac@gmail.com;-
160112;2021-03-12;LORETO;MAYNAS;BELEN;20567122167;COMERCIALIZADORA VALERY S.A.C.;PRODUCTOS;AV. ALFONSO UGARTE N° 285;comervasac@gmail.com;0
160113;2021-03-12;LORETO;MAYNAS;SAN JUAN BAUTISTA;20567165214;COMERCIALIZADORA DEL ORIENTE E & J S.R.L.;PRODUCTOS;AV. ALFONSO UGARTE N° 285;comeoriente@gmail.com;65235951
160113;2021-03-12;LORETO;MAYNAS;SAN JUAN BAUTISTA;20567193340;CONSORCIO GAL;PRODUCTOS;Carretera Iquitos - Nauta Sector Kiara Km 2.5 ;infocontablecomercializadora@gmail.com;3481968
160201;2021-03-12;LORETO;ALTO AMAZONAS;YURIMAGUAS;20600249160;GROUP INVERSIONES J & JK E.I.R.L;PRODUCTOS;VIA DE EVITAMIENTO S/N (COSTADO ALMACEN DE LA EMPRESA JUDOGA);groupinversionesjjk@hotmail.com;
170101;2021-03-12;MADRE DE DIOS;TAMBOPATA;TAMBOPATA;20602828965;CONSORCIO AMAZONMARK;PRODUCTOS;Av. Andrés Avelino Cáceres N° 4041;bkn.foods.eirl@gmail.com;
180101;2021-03-12;MOQUEGUA;MARISCAL NIETO;MOQUEGUA;10293885538;ZEBALLOS ZEBALLOS FRANCO LAZARO;PRODUCTOS;URB. LA FLORESTA AE2 TERCER NIVEL;planetmoquegua@hotmail.com;-
180301;2021-03-12;MOQUEGUA;ILO;ILO;10046476978;MANCHEGO RODRIGUEZ ISABEL MARIA;PRODUCTOS;AA.HH. 24 DE OCTUBRE MANZANA 35 LOTE 07;isabelmanchego@hotmail.com;
190301;2021-03-12;PASCO;OXAPAMPA;OXAPAMPA;20489620171;CONSORCIO FORTALEZA PERU;PRODUCTOS;CAR. CENTRAL KM. 3.5 BAR. MIRAFLORES;for.pasco@gmail.com;64404256
190307;2021-03-12;PASCO;OXAPAMPA;VILLA RICA;10457880168;CONSORCIO BETANIA;PRODUCTOS;Av. Leopoldo Krause N°1336;yes_hr@hotmail.com;
200101;2021-03-12;PIURA;PIURA;PIURA;20530234526;CONSORCIO MDO;PRODUCTOS;CALLE LOS EJIDOS DEL NORTE N° 116 FUNDO EJIDOS;eloygarces87@gmail.com;73404394
200101;2021-03-12;PIURA;PIURA;PIURA;20600983092;FUSEEX INDUSTRIAL E.I.R.L.;PRODUCTOS;URB. UPI P. LIBRE - LOS OLIVOS MZ. M LOTE 20;fuseex.industrial@gmail.com;979241329
200101;2021-03-12;PIURA;PIURA;PIURA;20602286666;AGROHILMART S.A.C.;PRODUCTOS;JIRON AREQUIPA 642 - PIURA;operacionesagrohilmart@gmail.com;73308259
200101;2021-03-12;PIURA;PIURA;PIURA;20603088116;CONSORCIO CIBELES;PRODUCTOS;MZ E LOTE 2 AV ANDRES AVENLINO CACERES ;alejovaeirl@gmail.com;
200104;2021-03-12;PIURA;PIURA;CASTILLA;20526549989;DISTRIBUCIONES MARIA KAROLINA SOCIEDAD COMERCIAL DE RESPONSABILIDAD LIMITADA;PRODUCTOS;"Cal. Los Pinos Mz ""S"" Lote N° 08 - Asociación Civil Casa Huerto Nuevo Amanecer";dismarkar@gmail.com;73305122
200104;2021-03-12;PIURA;PIURA;CASTILLA;20601704952;CONSORCIO FUSION21;PRODUCTOS; Mz E Lote.30 Urb. Miraflores Castilla;altascumbrespiurasac@gmail.com;-
200104;2021-03-12;PIURA;PIURA;CASTILLA;20601704952;CONSORCIO FUSIONPAT;PRODUCTOS;XVII etapa Mza. Y Lote 11 Z.I. Parque Residencial Monteverde (al costado de Aqualandia) Piura - Piura - Castilla;altascumbrespiurasac@gmail.com;-
200104;2021-03-12;PIURA;PIURA;CASTILLA;20601835941;CONSORCIO PATFUSION;PRODUCTOS;Calle los Robles Mz T lote 3 Asociación Civil Casa Huerto Nuevo Amanecer;olshekinah.sac@gmail.com;987339883
200115;2021-03-12;PIURA;PIURA;VEINTISEIS DE OCTUBRE;20530317901;REPRESENTACIONES VIRGEN DE LAS NIEVES S.A.C.;PRODUCTOS;LOTE 10  UBICACIÓN RURAL PREDIO ASOCIACIÓN SANTA LUCÍA - SECTOR COSCOMBA;gerencia1.vdn@gmail.com;
200115;2021-03-12;PIURA;PIURA;VEINTISEIS DE OCTUBRE;20601724651;CONSORCIO IHM;PRODUCTOS;FUNDO EX PREDIO COSCOMBA MZ O S/N A.H. VILLA HERMOZA. ;alimentoselchilalo@gmail.com;
200207;2021-03-12;PIURA;AYABACA;PAIMAS;20601548764;ALIMENTOS ANDINOS P & A E.I.R.L.;PRODUCTOS;Calle Paimas Alto N° 06 (Caserío Paimas Alto) - Paimas ;alimentosandinoseirl@hotmail.com;965919589
210101;2021-03-12;PUNO;PUNO;PUNO;10478357228;CONSORCIO OPERADORES LOGISTICOS;PRODUCTOS;AV. EL SOL N° 1169;elmer.negociosdelsur@gmail.com;51602613
210101;2021-03-12;PUNO;PUNO;PUNO;20448165044;CONSORCIO FAHE SOCIEDAD ANONIMA CERRADA;PRODUCTOS;JR. HUANCANE N° 858;jicc.peru@hotmail.com;
210101;2021-03-12;PUNO;PUNO;PUNO;20448860818;CONSORCIO GRUPO MARKETING ALIMENTARIA S.A.C.;PRODUCTOS;URBANIZACIÓN RINCONADA SALCEDO MZA. P LOTE 16;marketingalimentaria2020@gmail.com;952034007
211101;2021-03-12;PUNO;SAN ROMAN;JULIACA;10455257951;ZAPANA VILCA KAREN GLEDY;PRODUCTOS;Jr. Poemas Humanos, Mz. I Lote 4;kzapanavilca@gmail.com;
211101;2021-03-12;PUNO;SAN ROMAN;JULIACA;20406499562;ALIMENTOS PROCESADOS COILA S.A.C.;PRODUCTOS;JR. HUASCAR NRO. 1060 URB. SANTA MARIA (AL FRENTE DEL POLITECNICO) ;aliprocsac@hotmail.com;
211101;2021-03-12;PUNO;SAN ROMAN;JULIACA;20406544291;NUTRICION Y TECNOLOGIA ALIMENTARIA E.I.R.L.;PRODUCTOS;URB. MUNICIPAL TAPARACHI MZ B, LT 17B;nutritec.eirl@gmail.com;15207469
211101;2021-03-12;PUNO;SAN ROMAN;JULIACA;20447968216;DSM CORPORACION EMPRESA INDIVIDUAL DE RESPONSABILIDAD LIMITADA;PRODUCTOS;MANZANA A LOTE 18 URBANIZACION TAPARACHI APIRAJ;dsmproveedor.ps@gmail.com;0
211101;2021-03-12;PUNO;SAN ROMAN;JULIACA;20447969531;CORPORACION GRANIX  E.I.R.L.;PRODUCTOS;AV. POLIGONO INDUSTRIAL MZA B LOTE 01 URB APIRAJ;corporaciongranix@gmail.com;0
211101;2021-03-12;PUNO;SAN ROMAN;JULIACA;20600039785;CONSORCIO GRUPO CORPERU;PRODUCTOS;URB. TAPARACHI LOTE I33C;corperufoodsac@gmail.com;-
211101;2021-03-12;PUNO;SAN ROMAN;JULIACA;20601617022;CORPORACION BEGANX S.A.C.;PRODUCTOS;JR. NESTOR S. MOLINA MZ. K LOTE 12;beganxsac@gmail.com;951347425
211101;2021-03-12;PUNO;SAN ROMAN;JULIACA;20603500530;CONSORCIO CORPORACIÓN ALIMENTOS;PRODUCTOS;AV. CIRCUNVALACIÓN N° 1189 URB. MARIA LUISA;corpalinsasrl@gmail.com;966907011
220101;2021-03-12;SAN MARTIN;MOYOBAMBA;MOYOBAMBA;20489231949;INVERSIONES LY S.A.C.;PRODUCTOS;JR ALONSO DE ALVARADO 601;inversionesly@hotmail.com;967689855
220501;2021-03-12;SAN MARTIN;LAMAS;LAMAS;20542365227;CONSORCIO KIMBA;PRODUCTOS;JR CHICLAYO N°289 ;ecodex104@gmail.com;
220705;2021-03-12;SAN MARTIN;PICOTA;PUCACACA;20600831837;CONSORCIO SVD;PRODUCTOS;JIRON BELAUNDE TERRY NRO. 305;jhdgmenfis@hotmail.com;980035023
220705;2021-03-12;SAN MARTIN;PICOTA;PUCACACA;20604319022;CONSORCIO AGROLACTHA;PRODUCTOS;JIRÓN BELAUNDE TERRY NRO. 305;lacthafoods@gmail.com;340620
220901;2021-03-12;SAN MARTIN;SAN MARTIN;TARAPOTO;10408070207;CARCAMO DEL AGUILA VANESSA LUZ;PRODUCTOS;JR. LIMA N° 1593;Vanessa.carcamod@gmail.com;
220901;2021-03-12;SAN MARTIN;SAN MARTIN;TARAPOTO;10409125692;SAAVEDRA RUIZ ALINA;PRODUCTOS;JIRÓN COMANDANTES CHIRINOS NRO. 453;alinasaavedraruiz@gmail.com;
220901;2021-03-12;SAN MARTIN;SAN MARTIN;TARAPOTO;20600085922;CONSORCIO FLASH;PRODUCTOS;AV. AVIACIÓN N° 470-B;gerencia@linksac.com;
220901;2021-03-12;SAN MARTIN;SAN MARTIN;TARAPOTO;20600085922;CONSORCIO YURI;PRODUCTOS;AV. AVIACION 470B;gerencia@linksac.com;
220910;2021-03-12;SAN MARTIN;SAN MARTIN;MORALES;20605200363;CONSORCIO AVE FENIX;PRODUCTOS;PASAJE LA UNION N° 115;industriaspiedrasverdess.a.c@gmail.com;0
221001;2021-03-12;SAN MARTIN;TOCACHE;TOCACHE;20494056934;CONSORCIO KUSKA;PRODUCTOS;CAR. SECTOR ALMENDRAS NRO. S/N SEC. ALMENDRAS;gmiskysonko@gmail.com;16335605
230110;2021-03-12;TACNA;TACNA;CORONEL GREGORIO ALBARRACIN LANCHIPA;20533027424;INDUSTRIAS D'VIDA EMPRESA INDIVIDUAL DE RESPONSABILIDAD LIMITADA - INDUSTRIAS D'VIDA E.I.R.L.;PRODUCTOS;URB. 3 DE DICIEMBRE I-8;INDUSTRIASDEVIDA@HOTMAIL.COM;52792450
250101;2021-03-12;UCAYALI;CORONEL PORTILLO;CALLERIA;10001240281;CONSORCIO INAMBU;PRODUCTOS;AV. CENTENARIO N° 279 - INT. 01;cledyepi@hotmail.com;61786907
250101;2021-03-12;UCAYALI;CORONEL PORTILLO;CALLERIA;10423413471;CONSORCIO NUEVA VIDA;PRODUCTOS;AV. CENTENARIO N° 279 - INT. 02;jeseniamaro05@hotmail.com;61443101
250101;2021-03-12;UCAYALI;CORONEL PORTILLO;CALLERIA;20352372910;AGROINDUSTRIA AMAZONAS SAC;PRODUCTOS;JR. INMACULADA N° 215;agroamazonas@hotmail.com;61571791
250101;2021-03-12;UCAYALI;CORONEL PORTILLO;CALLERIA;20394062686;CONSORCIO NUTRIFOODS;PRODUCTOS;JR. BOLIVAR 252;comercializadoranutrifoods2020@gmail.com;61784877
250105;2021-03-12;UCAYALI;CORONEL PORTILLO;YARINACOCHA;10001305081;CONSORCIO SAN MARTIN DE PORRES;PRODUCTOS;AV. ARBONIZACION MZ. F LOTE 1 URB. DAVID ABENZUR;gardel.murrieta@gmail.com;-
250105;2021-03-12;UCAYALI;CORONEL PORTILLO;YARINACOCHA;10101050241;CONSORCIO NUEVO AMANECER;PRODUCTOS;AV. YARINACOCHA MZ 167A LTE 6;mgsonia1@yahoo.com;-
250201;2021-03-12;UCAYALI;ATALAYA;RAYMONDI;20568429347;TREMARS-CRM SOCIEDAD ANONIMA CERRADA;PRODUCTOS;Jr. Urubamba Nro. 513;tremars_crm@hotmail.com;-
